code,current,name,gender,function,category,organisation_code,organisation,organisation_long,disciplines,birth_date
1536406,TRUE,FRATINI Elisabetta,Female,Referee,J,ITA,Italy,Italy,['Judo'],
1550583,TRUE,ILIC Corina,Female,Referee,J,CRO,Croatia,Croatia,['Judo'],
1550593,TRUE,MAAFI Ziad,Male,Referee,J,ALG,Algeria,Algeria,['Judo'],
1550642,TRUE,FUMEA Maria,Female,Judge,J,FIG,FIG,International Gymnastics Federation,"['Artistic Gymnastics', 'Rhythmic Gymnastics', 'Trampoline Gymnastics']",
1550643,TRUE,LEUNG Li Li,Female,Judge,J,FIG,FIG,International Gymnastics Federation,"['Artistic Gymnastics', 'Rhythmic Gymnastics', 'Trampoline Gymnastics']",
1550645,TRUE,MIAO Zhongyi,Male,Judge,J,FIG,FIG,International Gymnastics Federation,"['Artistic Gymnastics', 'Rhythmic Gymnastics', 'Trampoline Gymnastics']",
1550646,TRUE,VALENZO AOKI Naomi Chieko,Female,Judge,J,FIG,FIG,International Gymnastics Federation,"['Artistic Gymnastics', 'Rhythmic Gymnastics', 'Trampoline Gymnastics']",
1550647,TRUE,AL HITMI Ali,Male,Judge,J,FIG,FIG,International Gymnastics Federation,"['Artistic Gymnastics', 'Rhythmic Gymnastics', 'Trampoline Gymnastics']",
1550648,TRUE,AL TABBAA Mouhammed Youssef,Male,Judge,J,FIG,FIG,International Gymnastics Federation,"['Artistic Gymnastics', 'Rhythmic Gymnastics', 'Trampoline Gymnastics']",
1550649,TRUE,CELEN Suat,Male,Judge,J,FIG,FIG,International Gymnastics Federation,"['Artistic Gymnastics', 'Rhythmic Gymnastics', 'Trampoline Gymnastics']",
1550650,TRUE,ESAWY Ehab,Male,Judge,J,FIG,FIG,International Gymnastics Federation,"['Artistic Gymnastics', 'Rhythmic Gymnastics', 'Trampoline Gymnastics']",
1550651,TRUE,YAGI KITAGAWA Tammy,Female,Judge,J,FIG,FIG,International Gymnastics Federation,"['Artistic Gymnastics', 'Rhythmic Gymnastics', 'Trampoline Gymnastics']",
1550652,TRUE,VALERIO Rogerio,Male,Judge,J,FIG,FIG,International Gymnastics Federation,"['Artistic Gymnastics', 'Rhythmic Gymnastics', 'Trampoline Gymnastics']",
1550653,TRUE,MOWBRAY Denis,Male,Judge,J,FIG,FIG,International Gymnastics Federation,"['Artistic Gymnastics', 'Rhythmic Gymnastics', 'Trampoline Gymnastics']",
1550654,TRUE,PEGAN Aljaz,Male,Judge,J,FIG,FIG,International Gymnastics Federation,"['Artistic Gymnastics', 'Rhythmic Gymnastics', 'Trampoline Gymnastics']",
1550655,TRUE,PENICHE FRANCO Alejandro,Male,Judge,J,FIG,FIG,International Gymnastics Federation,"['Artistic Gymnastics', 'Rhythmic Gymnastics', 'Trampoline Gymnastics']",
1550656,TRUE,PERRIERE Charles,Male,Judge,J,FIG,FIG,International Gymnastics Federation,"['Artistic Gymnastics', 'Rhythmic Gymnastics', 'Trampoline Gymnastics']",
1550657,TRUE,TAEYMANS Rosy,Female,Judge,J,FIG,FIG,International Gymnastics Federation,"['Artistic Gymnastics', 'Rhythmic Gymnastics', 'Trampoline Gymnastics']",
1550662,TRUE,ACOSTA RODRIGUEZ Laura Patricia,Female,Judge,J,FIG,FIG,International Gymnastics Federation,['Rhythmic Gymnastics'],17-11-1964
1550672,TRUE,BEDOSHVILI Eliso,Female,Judge,J,GEO,Georgia,Georgia,['Rhythmic Gymnastics'],
1550674,TRUE,BOJAKOWSKI Konrad,Male,Judge,J,POL,Poland,Poland,['Trampoline Gymnastics'],
1550675,TRUE,BOUROVA Roumiana,Female,Judge,J,BEL,Belgium,Belgium,['Rhythmic Gymnastics'],
1550689,TRUE,DEUTSCH LAZSANYI Erika,Female,Judge,J,HUN,Hungary,Hungary,['Rhythmic Gymnastics'],
1550693,TRUE,FILIPSKY Rebecca,Female,Judge,J,AUT,Austria,Austria,['Trampoline Gymnastics'],
1550694,TRUE,GAIDA Viola,Female,Judge,J,GER,Germany,Germany,['Trampoline Gymnastics'],
1550695,TRUE,OLIVEIRA Joao,Male,Judge,J,POR,Portugal,Portugal,['Trampoline Gymnastics'],
1550700,TRUE,HALMU Delia,Female,Judge,J,AUS,Australia,Australia,['Rhythmic Gymnastics'],
1550707,TRUE,JONES Andrew,Male,Judge,J,GBR,Great Britain,Great Britain,['Trampoline Gymnastics'],
1550709,TRUE,KHOPERIA Rusudan,Female,Judge,J,GEO,Georgia,Georgia,['Trampoline Gymnastics'],
1550715,TRUE,LHER Catherine Marie Andree,Female,Judge,J,FRA,France,France,['Rhythmic Gymnastics'],
1550723,TRUE,MLEJNKOVA Blanka,Female,Judge,J,CZE,Czechia,Czechia,['Rhythmic Gymnastics'],
1550724,TRUE,MROZINSKA Anna,Female,Judge,J,POL,Poland,Poland,['Rhythmic Gymnastics'],
1550725,TRUE,NAVA ACEVES Paulina,Female,Judge,J,MEX,Mexico,Mexico,['Trampoline Gymnastics'],
1550729,TRUE,PAZOS SANCHEZ RUBIO Maria Inmacula.,Female,Judge,J,ESP,Spain,Spain,['Trampoline Gymnastics'],
1550730,TRUE,PITKANEN Saila,Female,Judge,J,FIN,Finland,Finland,['Rhythmic Gymnastics'],
1550736,TRUE,REHOROVA Martina,Female,Judge,J,CZE,Czechia,Czechia,['Trampoline Gymnastics'],
1550753,TRUE,SUZUKI Aoi,Female,Judge,J,JPN,Japan,Japan,['Rhythmic Gymnastics'],
1550762,TRUE,van WETERING Babette,Female,Judge,J,NED,Netherlands,Netherlands,['Trampoline Gymnastics'],
1550763,TRUE,VANGELOVA Mariya,Female,Judge,J,BUL,Bulgaria,Bulgaria,['Trampoline Gymnastics'],
1550776,TRUE,BEKTUROVA Alua,Female,Judge,J,KAZ,Kazakhstan,Kazakhstan,['Rhythmic Gymnastics'],
1557225,TRUE,STROOBANTS Marine,Female,Referee,J,BEL,Belgium,Belgium,['Judo'],
1560199,TRUE,FISCHER Matthias,Male,Referee,J,GER,Germany,Germany,['Judo'],
1560200,TRUE,LAMPE Nusa,Female,Referee,J,SLO,Slovenia,Slovenia,['Judo'],
1560201,TRUE,CHYURLIA Pasquale,Male,Referee,J,ITA,Italy,Italy,['Judo'],
1560211,TRUE,FREITAS Leandra,Female,Referee,J,POR,Portugal,Portugal,['Judo'],
1562036,TRUE,SHMAKOV Vladimir,Male,Referee,J,UZB,Uzbekistan,Uzbekistan,['Judo'],
1562711,TRUE,MIGLIORINI Sergio,Male,Medical Delegate,J,ITA,Italy,Italy,['Triathlon'],
1563015,TRUE,BOUHEDDOU Mohamed,Male,Referee,J,FRA,France,France,['Judo'],
1563830,TRUE,SZOKE Andor,Male,Referee,J,HUN,Hungary,Hungary,['Judo'],
1563872,TRUE,GALEA Louisa,Female,Referee,J,MLT,Malta,Malta,['Judo'],
1563891,TRUE,BILIC Miroslav,Male,Referee,J,SLO,Slovenia,Slovenia,['Judo'],
1563909,TRUE,DELIU Denisa,Female,Referee,J,ROU,Romania,Romania,['Judo'],
1563980,TRUE,BEREGSZASZI Zita,Female,Referee,J,HUN,Hungary,Hungary,['Judo'],
1564197,TRUE,SANCHEZ del CAMPO Ana,Female,Jury Chair,J,WS,World Sailing,World Sailing,['Sailing'],
1564543,TRUE,WU Jingyu,Female,Referee,J,WT,World Taekwondo,World Taekwondo,['Taekwondo'],
1564544,TRUE,MAGABLEH Maher,Male,Referee,J,WT,World Taekwondo,World Taekwondo,['Taekwondo'],
1564548,TRUE,KIM Song Chul,Male,Referee,J,WT,World Taekwondo,World Taekwondo,['Taekwondo'],
1566303,TRUE,ANDERSEN Jacob,Male,Jury Member,J,DEN,Denmark,Denmark,['Sailing'],
1566308,TRUE,FERRANDIZ RUIZ Luis,Male,Jury Member,J,ESP,Spain,Spain,['Sailing'],
1566313,TRUE,NAPIER Jon,Male,Jury Member,J,GBR,Great Britain,Great Britain,['Sailing'],
1566318,TRUE,HEREDIA Gonzalo,Male,Jury Member,J,ARG,Argentina,Argentina,['Sailing'],
1566319,TRUE,YOVKOVA Iskra,Female,Jury Member,J,BUL,Bulgaria,Bulgaria,['Sailing'],
1566455,TRUE,BOROCZ Bence,Male,Jury Member,J,HUN,Hungary,Hungary,['Sailing'],
1566468,TRUE,JEONG Sungchul,Male,Jury Member,J,KOR,Korea,Republic of Korea,['Sailing'],
1566473,TRUE,GROSVENOR Sandy,Female,Jury Member,J,USA,United States,United States of America,['Sailing'],
1566474,TRUE,GUERRA Rodrigo,Male,Jury Member,J,URU,Uruguay,Uruguay,['Sailing'],
1566475,TRUE,LEWANDOWSKA Anastazja,Female,Jury Member,J,POL,Poland,Poland,['Sailing'],
1566476,TRUE,LINDSAY Chris,Male,Jury Member,J,IRL,Ireland,Ireland,['Sailing'],
1566480,TRUE,MOOKKEN Selvam,Male,Jury Member,J,SGP,Singapore,Singapore,['Sailing'],
1566482,TRUE,ORTENDAHL Christina,Female,Jury Member,J,SWE,Sweden,Sweden,['Sailing'],
1566488,TRUE,SCOTT Luke,Male,Jury Member,J,RSA,South Africa,South Africa,['Sailing'],
1566489,TRUE,STANIKIC Mina,Female,Jury Member,J,SRB,Serbia,Serbia,['Sailing'],
1570413,TRUE,D'URBANO Francesco Jacopo,Male,Judge,J,WSK,World Skate,World Skate,['Skateboarding'],
1571122,TRUE,ALSHATHRI A Rahman,Male,Judge,J,FIG,FIG,International Gymnastics Federation,"['Artistic Gymnastics', 'Rhythmic Gymnastics', 'Trampoline Gymnastics']",
1571123,TRUE,KIM Nellia,Female,Judge,J,FIG,FIG,International Gymnastics Federation,"['Artistic Gymnastics', 'Rhythmic Gymnastics', 'Trampoline Gymnastics']",
1571124,TRUE,TITOV Vasilii,Male,Judge,J,FIG,FIG,International Gymnastics Federation,"['Artistic Gymnastics', 'Rhythmic Gymnastics', 'Trampoline Gymnastics']",
1571143,TRUE,ALIPRANDI Elena,Female,Judge,J,FIG,FIG,International Gymnastics Federation,['Rhythmic Gymnastics'],09-04-1975
1571146,TRUE,DRAGAS Spela,Female,Judge,J,SLO,Slovenia,Slovenia,['Rhythmic Gymnastics'],
1571149,TRUE,IEROMINA Nataliia,Female,Judge,J,UKR,Ukraine,Ukraine,['Rhythmic Gymnastics'],
1893012,TRUE,CHIARI Roberto,Male,Referee,J,FIBA,FIBA,International Basketball Federation,['Basketball'],
1893016,TRUE,THOMSON Mike,Male,Referee,J,FIBA,FIBA,International Basketball Federation,['Basketball'],
1893040,TRUE,DUPUCHE Crystal,Female,Referee,J,FIBA,FIBA,International Basketball Federation,['Basketball'],
1893057,TRUE,VAQUERA Alejandro,Male,Referee,J,FIBA,FIBA,International Basketball Federation,['Basketball'],
1893105,TRUE,SHAFAGHI Shahrad,Male,Referee,J,FIBA,FIBA,International Basketball Federation,['Basketball'],
1893111,TRUE,KAUPPINEN Hannu,Male,Referee,J,FIBA,FIBA,International Basketball Federation,['Basketball'],
1893239,TRUE,CASTRO Antonio,Male,Referee,J,CUB,Cuba,Cuba,['Judo'],
1893241,TRUE,MURADOV Abdullo,Male,Referee,J,UZB,Uzbekistan,Uzbekistan,['Judo'],
1894925,TRUE,AMANTINO Giseli,Female,Referee,J,BRA,Brazil,Brazil,['Beach Volleyball'],
1894929,TRUE,BOCK Stephen,Male,Referee,J,FIVB,FIVB,International Volleyball Federation,['Volleyball'],
1894942,TRUE,CARVALHO Rui Jorge,Male,Referee,J,POR,Portugal,Portugal,['Beach Volleyball'],
1894943,TRUE,HIEBERT Brian,Male,Referee,J,CAN,Canada,Canada,['Beach Volleyball'],
1894944,TRUE,RENE Karina,Female,Referee,J,ARG,Argentina,Argentina,['Volleyball'],
1894975,TRUE,CRESCENTINI Davide,Male,Referee,J,ITA,Italy,Italy,['Beach Volleyball'],
1894976,TRUE,SIMONOVIC Vladimir,Male,Referee,J,SUI,Switzerland,Switzerland,['Volleyball'],
1894978,TRUE,WANG Lijun,Female,Referee,J,CHN,China,People's Republic of China,['Beach Volleyball'],
1894979,TRUE,BEATIE Brigham,Male,Referee,J,USA,United States,United States of America,['Beach Volleyball'],
1895002,TRUE,SATOMI Mariko,Female,Referee,J,JPN,Japan,Japan,['Beach Volleyball'],
1895006,TRUE,SAAVEDRA CACERES Juan Carlos,Male,Referee,J,COL,Colombia,Colombia,['Beach Volleyball'],
1895007,TRUE,OZBAR Nurper,Female,Referee,J,TUR,Türkiye,Türkiye,['Volleyball'],
1895009,TRUE,IVANOV Ivaylo,Male,Referee,J,BUL,Bulgaria,Bulgaria,['Volleyball'],
1895011,TRUE,DRUART Sylvain,Male,Referee,J,FRA,France,France,['Beach Volleyball'],
1895012,TRUE,MYSZKOWSKA Agnieszka,Female,Referee,J,POL,Poland,Poland,['Beach Volleyball'],
1895013,TRUE,PAPADOGOULAS Charalampos,Male,Referee,J,GRE,Greece,Greece,['Beach Volleyball'],
1895017,TRUE,CESARE Stefano,Male,Referee,J,ITA,Italy,Italy,['Volleyball'],
1895018,TRUE,LEKO Robert,Male,Referee,J,SRB,Serbia,Serbia,['Beach Volleyball'],
1895019,TRUE,GUILLEMETTE Lucie,Female,Challenge Referee,J,CAN,Canada,Canada,['Beach Volleyball'],
1895020,TRUE,GRASS Angela,Female,Referee,J,BRA,Brazil,Brazil,['Volleyball'],
1895021,TRUE,KANDIL Wael,Male,Referee,J,EGY,Egypt,Egypt,['Volleyball'],
1895022,TRUE,BENNETT John,Male,Challenge Referee,J,AUS,Australia,Australia,['Beach Volleyball'],
1895023,TRUE,MOKRY Juraj,Male,Referee,J,SVK,Slovakia,Slovakia,['Volleyball'],
1895025,TRUE,COLLADOS Fabrice,Male,Referee,J,FRA,France,France,['Volleyball'],
1895026,TRUE,RAPISARDA Daniele,Male,Challenge Referee,J,ITA,Italy,Italy,['Volleyball'],
1895027,TRUE,BOUDAYA Taoufik,Male,Challenge Referee,J,TUN,Tunisia,Tunisia,['Volleyball'],
1895028,TRUE,ALROUSI ALHAMMADI Hamid Mohamed Ah.,Male,Referee,J,UAE,UA Emirates,United Arab Emirates,['Volleyball'],
1895031,TRUE,GEROTHODOROS Epaminondas,Male,Referee,J,GRE,Greece,Greece,['Volleyball'],
1895034,TRUE,SUMAVIL Osvaldo,Male,Referee,J,ARG,Argentina,Argentina,['Beach Volleyball'],
1895035,TRUE,BRONISZ Robert,Male,Challenge Referee,J,POL,Poland,Poland,['Beach Volleyball'],
1895037,TRUE,CESPEDES Denny,Male,Referee,J,DOM,Dominican Republic,Dominican Republic,['Volleyball'],
1895038,TRUE,DZIEWIRZ Scott,Male,Referee,J,CAN,Canada,Canada,['Volleyball'],
1895040,TRUE,PADRON Jose Maria,Male,Referee,J,ESP,Spain,Spain,['Beach Volleyball'],
1895042,TRUE,MAROSZEK Wojciech,Male,Referee,J,POL,Poland,Poland,['Volleyball'],
1895047,TRUE,MYOI Sumie,Female,Referee,J,JPN,Japan,Japan,['Volleyball'],
1895048,TRUE,MUKUNDIYUKURI Jean de Dieu,Male,Referee,J,RWA,Rwanda,Rwanda,['Beach Volleyball'],
1897318,TRUE,CSOSZ Imre,Male,Referee,J,HUN,Hungary,Hungary,['Judo'],
1898273,TRUE,HUNT Patrick,Male,Jury Member,J,FIBA,FIBA,International Basketball Federation,['Basketball'],
1898633,TRUE,AL SHUWAILI Ahmed,Male,Referee,J,FIBA,FIBA,International Basketball Federation,['Basketball'],
1898640,TRUE,ANAYA Julio,Male,Referee,J,FIBA,FIBA,International Basketball Federation,['Basketball'],
1898648,TRUE,BAKI Kerem,Male,Referee,J,FIBA,FIBA,International Basketball Federation,['Basketball'],
1898669,TRUE,BARTEL Andres,Male,Referee,J,FIBA,FIBA,International Basketball Federation,['Basketball'],
1898675,TRUE,BATISTA Johnny,Male,Referee,J,FIBA,FIBA,International Basketball Federation,['Basketball'],
1898693,TRUE,BEKER Scott,Male,Referee,J,FIBA,FIBA,International Basketball Federation,['Basketball'],
1898701,TRUE,BERMUDEZ Omar,Male,Referee,J,FIBA,FIBA,International Basketball Federation,['Basketball'],
1898712,TRUE,BONNER Amy,Female,Referee,J,FIBA,FIBA,International Basketball Federation,['Basketball'],
1898728,TRUE,BURNS Blanca,Female,Referee,J,FIBA,FIBA,International Basketball Federation,['Basketball'],
1898782,TRUE,CASTILLO Luis,Male,Referee,J,FIBA,FIBA,International Basketball Federation,['Basketball'],
1898799,TRUE,CHUECA Ariadna,Female,Referee,J,FIBA,FIBA,International Basketball Federation,['Basketball'],
1898911,TRUE,CONDE Antonio,Male,Referee,J,FIBA,FIBA,International Basketball Federation,['Basketball'],
1899120,TRUE,SUTHERLAND Jamie,Male,Jury Member,J,NZL,New Zealand,New Zealand,['Sailing'],
1899125,TRUE,TANAKA Masaaki,Male,Jury Member,J,JPN,Japan,Japan,['Sailing'],
1899135,TRUE,WILMINK E V den BURGER Pauline,Female,Jury Member,J,NED,Netherlands,Netherlands,['Sailing'],
1906878,TRUE,SMAK Wouter,Male,Judge,J,UCI,UCI,Union Cycliste Internationale,['Cycling BMX Freestyle'],
1916068,TRUE,MORARD Tristan,Male,Referee,J,SUI,Switzerland,Switzerland,['Wrestling'],
1916391,TRUE,VILLET Charles,Male,Referee,J,RSA,South Africa,South Africa,['Wrestling'],
1916453,TRUE,BARGAILA Deividas,Male,Referee,J,LTU,Lithuania,Lithuania,['Wrestling'],
1916503,TRUE,VEYRAT Emmanuel,Male,Referee,J,FRA,France,France,['Wrestling'],
1916629,TRUE,BOUAZIZ Youssef,Male,Referee,J,TUN,Tunisia,Tunisia,['Wrestling'],
1916804,TRUE,MENKOVAS Kirilas,Male,Referee,J,LTU,Lithuania,Lithuania,['Wrestling'],
1916826,TRUE,NEDELJKOVIC Leonardo,Male,Referee,J,SRB,Serbia,Serbia,['Wrestling'],
1916838,TRUE,BORJANOVIC Borislav,Male,Referee,J,SRB,Serbia,Serbia,['Wrestling'],
1920697,TRUE,CHIASSON Marcia,Female,Referee,J,CAN,Canada,Canada,['Wrestling'],
1920703,TRUE,KOUTSOPODIOTIS Demetra,Female,Referee,J,CAN,Canada,Canada,['Wrestling'],
1920739,TRUE,SUN Jian,Male,Referee,J,CHN,China,People's Republic of China,['Wrestling'],
1920745,TRUE,OCIC Zvonko,Male,Referee,J,CRO,Croatia,Croatia,['Wrestling'],
1921064,TRUE,SCHEINER Vaclav,Male,Referee,J,CZE,Czechia,Czechia,['Wrestling'],
1921117,TRUE,HIETALA Joonas,Male,Referee,J,FIN,Finland,Finland,['Wrestling'],
1921173,TRUE,TRAN Melanie,Female,Referee,J,FRA,France,France,['Wrestling'],
1922135,TRUE,JIBLADZE Zaza,Male,Referee,J,GEO,Georgia,Georgia,['Wrestling'],
1922182,TRUE,SCHERER Ramona,Female,Referee,J,GER,Germany,Germany,['Wrestling'],
1922183,TRUE,DAHRA Amel,Female,Referee,J,FIBA,FIBA,International Basketball Federation,['Basketball'],
1922369,TRUE,DAVIDSON Yann,Male,Referee,J,FIBA,FIBA,International Basketball Federation,['Basketball'],
1922392,TRUE,SCHMITT Karl Peter,Male,Referee,J,GER,Germany,Germany,['Wrestling'],
1922396,TRUE,FERNANDEZ Juan,Male,Referee,J,FIBA,FIBA,International Basketball Federation,['Basketball'],
1922427,TRUE,GEORGIOU Pavlina,Female,Referee,J,GRE,Greece,Greece,['Wrestling'],
1922432,TRUE,FORSBERG Maj,Female,Referee,J,FIBA,FIBA,International Basketball Federation,['Basketball'],
1922550,TRUE,GYORGYI Viola,Female,Referee,J,FIBA,FIBA,International Basketball Federation,['Basketball'],
1922553,TRUE,LIAKOS Christos,Male,Referee,J,GRE,Greece,Greece,['Wrestling'],
1922569,TRUE,KALLIO Matthew,Male,Referee,J,FIBA,FIBA,International Basketball Federation,['Basketball'],
1922570,TRUE,SLEISZ Gabriella,Female,Referee,J,HUN,Hungary,Hungary,['Wrestling'],
1922591,TRUE,KATO Takaki,Male,Referee,J,FIBA,FIBA,International Basketball Federation,['Basketball'],
1922614,TRUE,KOZLOVSKIS Martins,Male,Referee,J,FIBA,FIBA,International Basketball Federation,['Basketball'],
1922689,TRUE,KREJIC Boris,Male,Referee,J,FIBA,FIBA,International Basketball Federation,['Basketball'],
1923016,TRUE,LEE Jiwoo,Female,Referee,J,KOR,Korea,Republic of Korea,['Wrestling'],
1927242,TRUE,WARWICK Richard Jaydes,Male,Referee,J,WT,World Taekwondo,World Taekwondo,['Taekwondo'],
1928960,TRUE,LISZKA Wojciech,Male,Referee,J,FIBA,FIBA,International Basketball Federation,['Basketball'],
1929700,TRUE,TOOLEY Jim,Male,Jury Member,J,FIBA,FIBA,International Basketball Federation,['Basketball'],
1929719,TRUE,BRENSCHEIDT Wolfgang,Male,Jury Member,J,FIBA,FIBA,International Basketball Federation,['Basketball'],
1929775,TRUE,BARTLETT Michael,Male,Jury Member,J,FIBA,FIBA,International Basketball Federation,['Basketball'],
1932965,TRUE,CAMACHO IBARRA Juan Arturo,Male,Referee,J,MEX,Mexico,Mexico,['Wrestling'],
1933080,TRUE,ABDOELAEV Edmar,Male,Referee,J,NED,Netherlands,Netherlands,['Wrestling'],
1933098,TRUE,HAMMER Thomas,Male,Referee,J,NOR,Norway,Norway,['Wrestling'],
1933258,TRUE,GALVA LEBRON Rafael Abraham,Male,Referee,J,PUR,Puerto Rico,Puerto Rico,['Wrestling'],
1933271,TRUE,CIMPOERU Marius,Male,Referee,J,ROU,Romania,Romania,['Wrestling'],
1933310,TRUE,TORBICA Nikola,Male,Referee,J,SRB,Serbia,Serbia,['Wrestling'],
1933349,TRUE,SJOSTROM Linn,Female,Referee,J,SWE,Sweden,Sweden,['Wrestling'],
1933383,TRUE,SHADGAN Babak,Male,Referee,J,CAN,Canada,Canada,['Wrestling'],
1933394,TRUE,GARCIA Carlos,Male,Referee,J,ESP,Spain,Spain,['Wrestling'],
1933402,TRUE,SILVESTRI Antonio,Male,Referee,J,GER,Germany,Germany,['Wrestling'],
1933411,TRUE,KOIKE Kuninori,Male,Referee,J,JPN,Japan,Japan,['Wrestling'],
1934331,TRUE,KARAS Martin,Male,Judge,J,CZE,Czechia,Czechia,['Skateboarding'],
1934350,TRUE,IWAKATA Rieko,Female,Judge,J,JPN,Japan,Japan,['Skateboarding'],
1934369,TRUE,SANCHEZ Natalia,Female,Judge,J,WSK,World Skate,World Skate,['Skateboarding'],
1934479,TRUE,PICCOLO Ilaria,Female,Judge,J,WSK,World Skate,World Skate,['Skateboarding'],
1934504,TRUE,SCHRODER Laura,Female,Judge,J,GER,Germany,Germany,['Skateboarding'],
1937668,TRUE,KONSTANTINOU Loukas,Male,Referee,J,GRE,Greece,Greece,['Wrestling'],
1937682,TRUE,GYARMATI Ferenc,Male,Referee,J,ROU,Romania,Romania,['Wrestling'],
1937701,TRUE,MESSER KERSTING Thomas,Male,Referee,J,GER,Germany,Germany,"['3x3 Basketball', 'Basketball']",
1937705,TRUE,SERNEK Stanislav,Male,Referee,J,SLO,Slovenia,Slovenia,['Wrestling'],
1937758,TRUE,BERTRAND Eric,Male,Referee,J,SUI,Switzerland,Switzerland,['3x3 Basketball'],
1937785,TRUE,HO Edmond,Male,Referee,J,HKG,"Hong Kong, China","Hong Kong, China",['3x3 Basketball'],
1937791,TRUE,JANG Tsong Rong,Male,Referee,J,TPE,Chinese Taipei,Chinese Taipei,['Wrestling'],
1937815,TRUE,MICHAELIDES Markos-Elias,Male,Referee,J,SUI,Switzerland,Switzerland,['3x3 Basketball'],
1937848,TRUE,MALISZEWSKI Marek,Male,Referee,J,POL,Poland,Poland,['3x3 Basketball'],
1937858,TRUE,CHAJIDDINE Najib,Male,Referee,J,FRA,France,France,['3x3 Basketball'],
1937879,TRUE,GHIZDAREANU Vlad,Male,Referee,J,ROU,Romania,Romania,['3x3 Basketball'],
1937882,TRUE,GOESSL Casey,Male,Referee,J,USA,United States,United States of America,['Wrestling'],
1937884,TRUE,JURAS Jasmina,Female,Referee,J,SRB,Serbia,Serbia,['3x3 Basketball'],
1937897,TRUE,BOUAZIZ Mohamed Kamel,Male,Referee,J,TUN,Tunisia,Tunisia,['Wrestling'],
1937903,TRUE,SHI Qirong,Female,Referee,J,CHN,China,People's Republic of China,['3x3 Basketball'],
1937919,TRUE,KIM Gain,Female,Referee,J,KOR,Korea,Republic of Korea,['3x3 Basketball'],
1937973,TRUE,CSABAI-KASKOTO Brigitta,Female,Referee,J,HUN,Hungary,Hungary,['3x3 Basketball'],
1937982,TRUE,OKATCH Dorothy,Female,Referee,J,BOT,Botswana,Botswana,['3x3 Basketball'],
1937992,TRUE,NEUMANN Aleisha,Female,Umpire,J,AUS,Australia,Australia,['Hockey'],
1937993,TRUE,KEOGH Alison,Female,Umpire,J,IRL,Ireland,Ireland,['Hockey'],
1937994,TRUE,CHURCH Amber,Female,Umpire,J,NZL,New Zealand,New Zealand,['Hockey'],
1937996,TRUE,McCLEAN Ayanna,Female,Umpire,J,TTO,Trinidad and Tobago,Trinidad and Tobago,['Hockey'],
1938000,TRUE,TAN Cookie,Female,Umpire,J,SGP,Singapore,Singapore,['Hockey'],
1938001,TRUE,BARSTOW Daniel,Male,Umpire,J,GBR,Great Britain,Great Britain,['Hockey'],
1938002,TRUE,TOMLINSON David,Male,Umpire,J,NZL,New Zealand,New Zealand,['Hockey'],
1938004,TRUE,YAMADA Emi,Female,Umpire,J,JPN,Japan,Japan,['Hockey'],
1938006,TRUE,LABATE Gabriel,Male,Umpire,J,ARG,Argentina,Argentina,['Hockey'],
1938007,TRUE,GREENFIELD Gareth,Male,Umpire,J,NZL,New Zealand,New Zealand,['Hockey'],
1938008,TRUE,HARRISON Hannah,Female,Umpire,J,GBR,Great Britain,Great Britain,['Hockey'],
1938009,TRUE,LIM Hong Zhen,Male,Umpire,J,SGP,Singapore,Singapore,['Hockey'],
1938010,TRUE,PRESENQUI Irene,Female,Umpire,J,ARG,Argentina,Argentina,['Hockey'],
1938013,TRUE,JACKSON Deanna,Female,Referee,J,USA,United States,United States of America,['3x3 Basketball'],
1938014,TRUE,VAN'T HEK Jonas,Male,Umpire,J,NED,Netherlands,Netherlands,['Hockey'],
1938015,TRUE,van BUNGE Coen,Male,Umpire,J,NED,Netherlands,Netherlands,['Hockey'],
1938016,TRUE,DELFORGE Laurine,Female,Umpire,J,BEL,Belgium,Belgium,['Hockey'],
1938019,TRUE,GROCHAL Marcin,Male,Umpire,J,POL,Poland,Poland,['Hockey'],
1938022,TRUE,MADDEN Martin,Male,Umpire,J,GBR,Great Britain,Great Britain,['Hockey'],
1938024,TRUE,WILLIAMS Rachel,Female,Umpire,J,GBR,Great Britain,Great Britain,['Hockey'],
1938030,TRUE,WILSON Sarah,Female,Umpire,J,GBR,Great Britain,Great Britain,['Hockey'],
1938032,TRUE,ROGERS Steve,Male,Umpire,J,AUS,Australia,Australia,['Hockey'],
1938039,TRUE,KIREZIEV Nedyalko Kirov,Male,Referee,J,BUL,Bulgaria,Bulgaria,['Wrestling'],
1938090,TRUE,TALISAINEN Alex,Male,Referee,J,EST,Estonia,Estonia,['3x3 Basketball'],
1938097,TRUE,JULIAN Samuel,Male,Referee,J,USA,United States,United States of America,['Wrestling'],
1938099,TRUE,CSENDER Andrada Monika,Female,Referee,J,ROU,Romania,Romania,['3x3 Basketball'],
1938104,TRUE,VESKOVIC Vladimir,Male,Referee,J,SRB,Serbia,Serbia,['3x3 Basketball'],
1938105,TRUE,SYLSTAD Susanna,Female,Referee,J,USA,United States,United States of America,['Wrestling'],
1938619,TRUE,CICIOGLU Ibrahim,Male,Referee,J,TUR,Türkiye,Türkiye,['Wrestling'],
1940919,TRUE,YUCEL Mehmet Gurhan,Male,Referee,J,TUR,Türkiye,Türkiye,['Wrestling'],
1941133,TRUE,BASHIRZADEH NAMADMAL Mehdi,Male,Referee,J,IRI,IR Iran,Islamic Republic of Iran,['Wrestling'],
1941151,TRUE,BLATT Scott,Male,Judge,J,UCI,UCI,Union Cycliste Internationale,['Cycling BMX Freestyle'],
1941720,TRUE,JAZBINSEK Marko,Male,Judge,J,SLO,Slovenia,Slovenia,['Skateboarding'],
1941779,TRUE,DILLEWAARD Dave,Male,Judge,J,AUS,Australia,Australia,['Cycling BMX Freestyle'],
1941791,TRUE,CLEWORTH David,Male,Head Judge,J,GBR,Great Britain,Great Britain,['Cycling BMX Freestyle'],
1942348,TRUE,NIEVAS Alhambra,Female,Referee,J,ESP,Spain,Spain,['Rugby Sevens'],
1942350,TRUE,BLANCO Juan Cruz,Male,Referee,J,WR,World Rugby,World Rugby,['Rugby Sevens'],
1942353,TRUE,VENTER Wanri,Female,Umpire,J,RSA,South Africa,South Africa,['Hockey'],
1942354,TRUE,LEAL Adam,Male,Referee,J,GBR,Great Britain,Great Britain,['Rugby Sevens'],
1942356,TRUE,JUMA James,Male,Referee,J,WR,World Rugby,World Rugby,['Rugby Sevens'],
1942360,TRUE,JOUBERT Craig Paul,Male,Referee,J,WR,World Rugby,World Rugby,['Rugby Sevens'],
1942361,TRUE,MATTHEWS Fran,Female,Referee,J,WR,World Rugby,World Rugby,['Rugby Sevens'],
1942363,TRUE,JOHNSTON Matthew,Male,Referee,J,AUS,Australia,Australia,['Rugby Sevens'],
1942365,TRUE,MATSUO Amy,Female,Referee,J,WR,World Rugby,World Rugby,['Rugby Sevens'],
1942367,TRUE,NOLAN Yvonne,Female,Referee,J,WR,World Rugby,World Rugby,['Rugby Sevens'],
1942368,TRUE,FERGUSON Peter,Male,Referee,J,WR,World Rugby,World Rugby,['Rugby Sevens'],
1942369,TRUE,O'DWYER Carmel,Female,Referee,J,WR,World Rugby,World Rugby,['Rugby Sevens'],
1942370,TRUE,DONAGHER Ronan,Male,Referee,J,WR,World Rugby,World Rugby,['Rugby Sevens'],
1942371,TRUE,O'BRIEN Paddy,Male,Referee,J,NZL,New Zealand,New Zealand,['Rugby Sevens'],
1942372,TRUE,QUINLAN Christopher,Male,Referee,J,WR,World Rugby,World Rugby,['Rugby Sevens'],
1942373,TRUE,KEANE David,Male,Referee,J,IRL,Ireland,Ireland,['Rugby Sevens'],
1942374,TRUE,TWOMEY Cian,Male,Referee,J,WR,World Rugby,World Rugby,['Rugby Sevens'],
1942375,TRUE,GNECCHI Gianluca,Male,Referee,J,ITA,Italy,Italy,['Rugby Sevens'],
1942376,TRUE,DICKENS Beth,Female,Referee,J,WR,World Rugby,World Rugby,['Rugby Sevens'],
1942377,TRUE,ROZIER Jeremy,Male,Referee,J,FRA,France,France,['Rugby Sevens'],
1942378,TRUE,WARD David,Male,Referee,J,WR,World Rugby,World Rugby,['Rugby Sevens'],
1942379,TRUE,ROKOVERENI Tevita,Male,Referee,J,FIJ,Fiji,Fiji,['Rugby Sevens'],
1942380,TRUE,McPHAIL James,Male,Referee,J,NED,Netherlands,Netherlands,['Rugby Sevens'],
1942972,TRUE,WANG Ziling,Female,Referee,J,CHN,China,People's Republic of China,['Volleyball'],
1943350,TRUE,HUGHES Christi,Female,Judge,J,GBR,Great Britain,Great Britain,['Cycling BMX Freestyle'],
1943476,TRUE,RAPAPORT Sean,Male,Umpire,J,RSA,South Africa,South Africa,['Hockey'],
1948013,TRUE,ROSTRON Annelize,Female,Umpire,J,RSA,South Africa,South Africa,['Hockey'],
1948034,TRUE,PRASAD Raghu,Male,Umpire,J,IND,India,India,['Hockey'],
1948172,TRUE,MIKHEYEV Yevgeniy,Male,Referee,J,FIBA,FIBA,International Basketball Federation,['Basketball'],
1948315,TRUE,MOSTAFA Wael,Male,Referee,J,FIBA,FIBA,International Basketball Federation,['Basketball'],
1948497,TRUE,NOUJAIM Rabah,Male,Referee,J,FIBA,FIBA,International Basketball Federation,['Basketball'],
1948922,TRUE,PERALTA Carlos,Male,Referee,J,FIBA,FIBA,International Basketball Federation,['Basketball'],
1949000,TRUE,PAEZ Kristian,Male,Referee,J,FIBA,FIBA,International Basketball Federation,['Basketball'],
1949352,TRUE,JURGENS Axel,Male,Judge,J,ARG,Argentina,Argentina,['Cycling BMX Freestyle'],
1956115,TRUE,KACHINSKY Brian,Male,Judge,J,USA,United States,United States of America,['Cycling BMX Freestyle'],
1956714,TRUE,NOIROT Romuald,Male,Judge,J,FRA,France,France,['Cycling BMX Freestyle'],
1957925,TRUE,TOSI Fulvia,Female,Judge,J,ITA,Italy,Italy,['Cycling BMX Freestyle'],
1958435,TRUE,McGARRIGLE Ben,Male,Referee,J,IRL,Ireland,Ireland,['Boxing'],
1958462,TRUE,REESE Shawn,Male,Referee,J,USA,United States,United States of America,['Boxing'],
1958696,TRUE,ALTAYEV Alisher,Male,Referee,J,KAZ,Kazakhstan,Kazakhstan,['Boxing'],
1958816,TRUE,MOUHNI Abderrazzak,Male,Referee,J,FRA,France,France,['Boxing'],
1958835,TRUE,BABANLI Anar,Male,Judge,J,PBU,PBU,Paris 2024 Boxing Unit,['Boxing'],
1958863,TRUE,FERREIRA Emanuel,Male,Referee,J,PUR,Puerto Rico,Puerto Rico,['Boxing'],
1958875,TRUE,PASTOR ARREAGA Emerson Alejandro,Male,Referee,J,GUA,Guatemala,Guatemala,['Boxing'],
1959180,TRUE,SCHNEIDER Jill,Female,Jury Member,J,FIBA,FIBA,International Basketball Federation,['Basketball'],
1963610,TRUE,PRAKSCH Peter,Male,Referee,J,FIBA,FIBA,International Basketball Federation,['Basketball'],
1963689,TRUE,RENEAU Jenna,Female,Referee,J,FIBA,FIBA,International Basketball Federation,['Basketball'],
1963755,TRUE,ROSSO Yohan,Male,Referee,J,FIBA,FIBA,International Basketball Federation,['Basketball'],
1963769,TRUE,SALINS Gatis,Male,Referee,J,FIBA,FIBA,International Basketball Federation,['Basketball'],
1963784,TRUE,VAZQUEZ Roberto,Male,Referee,J,FIBA,FIBA,International Basketball Federation,['Basketball'],
1963816,TRUE,VULIC Martin,Male,Referee,J,FIBA,FIBA,International Basketball Federation,['Basketball'],
1963832,TRUE,ZURAPOVIC Ademir,Male,Referee,J,FIBA,FIBA,International Basketball Federation,['Basketball'],
1963904,TRUE,MALO Maripier,Female,Referee,J,FIBA,FIBA,International Basketball Federation,['Basketball'],
1963920,TRUE,MAZZONI Manuel,Male,Referee,J,FIBA,FIBA,International Basketball Federation,['Basketball'],
1969254,TRUE,LATOS Maria,Female,Referee,J,GER,Germany,Germany,['Rugby Sevens'],
1969255,TRUE,FERREIRA Morne,Male,Referee,J,RSA,South Africa,South Africa,['Rugby Sevens'],
1969256,TRUE,BREAKSPEAR Ben,Male,Referee,J,GBR,Great Britain,Great Britain,['Rugby Sevens'],
1969257,TRUE,DUARTE Paulo,Male,Referee,J,POR,Portugal,Portugal,['Rugby Sevens'],
1969258,TRUE,WAY Jordan,Male,Referee,J,AUS,Australia,Australia,['Rugby Sevens'],
1969260,TRUE,HOGAN Nick,Male,Referee,J,NZL,New Zealand,New Zealand,['Rugby Sevens'],
1969261,TRUE,RACACA Lavenia,Female,Referee,J,FIJ,Fiji,Fiji,['Rugby Sevens'],
1969262,TRUE,CARTER Jennifer,Female,Referee,J,WR,World Rugby,World Rugby,['Rugby Sevens'],
1969263,TRUE,COGGER-ORR Maggie,Female,Referee,J,NZL,New Zealand,New Zealand,['Rugby Sevens'],
1969264,TRUE,RODDEN Matt,Male,Referee,J,NZL,New Zealand,New Zealand,['Rugby Sevens'],
1969265,TRUE,SELWOOD George,Male,Referee,J,GBR,Great Britain,Great Britain,['Rugby Sevens'],
1969266,TRUE,LOPEZ Cisco,Male,Referee,J,USA,United States,United States of America,['Rugby Sevens'],
1969267,TRUE,KUWAI Ano,Female,Referee,J,JPN,Japan,Japan,['Rugby Sevens'],
1969268,TRUE,LOOK Michelle,Female,Referee,J,WR,World Rugby,World Rugby,['Rugby Sevens'],
1969271,TRUE,GONZALEZ Francisco,Male,Referee,J,URU,Uruguay,Uruguay,['Rugby Sevens'],
1969272,TRUE,WATTERS Phil,Male,Referee,J,GBR,Great Britain,Great Britain,['Rugby Sevens'],
1969273,TRUE,CHAUDHRY Talal-Azmat,Male,Referee,J,CAN,Canada,Canada,['Rugby Sevens'],
1969274,TRUE,CHAN Craig,Male,Referee,J,HKG,"Hong Kong, China","Hong Kong, China",['Rugby Sevens'],
1969278,TRUE,BROWN Finlay,Male,Referee,J,GBR,Great Britain,Great Britain,['Rugby Sevens'],
1969280,TRUE,ROCHE Kat,Female,Referee,J,USA,United States,United States of America,['Rugby Sevens'],
1969282,TRUE,ARCHER Jamie,Male,Referee,J,WR,World Rugby,World Rugby,['Rugby Sevens'],
1969286,TRUE,JACOBS Aj,Male,Referee,J,RSA,South Africa,South Africa,['Rugby Sevens'],
1972217,TRUE,GURBANALIYEV Emil,Male,Referee,J,AZE,Azerbaijan,Azerbaijan,['Boxing'],
1972380,TRUE,MILAN PONCE Juan,Male,Judge,J,PBU,PBU,Paris 2024 Boxing Unit,['Boxing'],
1978063,TRUE,RAMOS Armando,Male,Referee,J,FIBA,FIBA,International Basketball Federation,['Basketball'],
1978746,TRUE,JULIEN Chantal,Female,Referee,J,FIBA,FIBA,International Basketball Federation,['Basketball'],
1979320,TRUE,PALVANOV Alisher,Male,Referee,J,UZB,Uzbekistan,Uzbekistan,['Boxing'],
1979476,TRUE,MUHIDDINOV Mansur,Male,Judge,J,PBU,PBU,Paris 2024 Boxing Unit,['Boxing'],
1979504,TRUE,DROZ Nicolas,Male,Judge,J,FRA,France,France,['Skateboarding'],
1979546,TRUE,JUMANIYAZOV Bahodir,Male,Judge,J,PBU,PBU,Paris 2024 Boxing Unit,['Boxing'],
1984366,TRUE,KEANE Reuben,Male,Referee,J,AUS,Australia,Australia,['Rugby Sevens'],
1984367,TRUE,MILLER Tyler,Female,Referee,J,AUS,Australia,Australia,['Rugby Sevens'],
1986901,TRUE,LEE Jaewook,Male,Referee,J,WT,World Taekwondo,World Taekwondo,['Taekwondo'],
1988167,TRUE,MGBILITY,Male,Head Judge,J,SVK,Slovakia,Slovakia,['Breaking'],
1990684,TRUE,CHIAMPAS George,Male,Referee,J,USA,United States,United States of America,['Football'],
1990685,TRUE,DUEHMERT Katharina,Female,Referee,J,GER,Germany,Germany,['Football'],
1990686,TRUE,FEKE Penateti,Female,Referee,J,TGA,Tonga,Tonga,['Football'],
1990687,TRUE,FUSTAGNO Fiorella,Female,Referee,J,ITA,Italy,Italy,['Football'],
1990688,TRUE,TERRA Tadeu,Male,Referee,J,BRA,Brazil,Brazil,['Football'],
1990690,TRUE,BILLINGHAM Johsan,Male,Referee,J,GBR,Great Britain,Great Britain,['Football'],
1990691,TRUE,BOYCE Steve,Male,Referee,J,GBR,Great Britain,Great Britain,['Football'],
1990692,TRUE,CARPINTEIRO ZIMMERMANN Philip,Male,Referee,J,GER,Germany,Germany,['Football'],
1990693,TRUE,DEAN Pauline,Female,Referee,J,NZL,New Zealand,New Zealand,['Football'],
1990695,TRUE,ARAUJO Joao,Male,Referee,J,POR,Portugal,Portugal,['Football'],
1990697,TRUE,FOFI Lorenzo,Male,Referee,J,ITA,Italy,Italy,['Football'],
1990698,TRUE,HAMARSHA Zeina,Female,Referee,J,JOR,Jordan,Jordan,['Football'],
1990700,TRUE,ILIC James,Male,Referee,J,AUS,Australia,Australia,['Football'],
1990702,TRUE,LEE Jae,Male,Referee,J,KOR,Korea,Republic of Korea,['Football'],
1990703,TRUE,LENA Felix,Male,Referee,J,USA,United States,United States of America,['Football'],
1990704,TRUE,MACLEAN John,Male,Referee,J,GBR,Great Britain,Great Britain,['Football'],
1990705,TRUE,MATEOS Andres,Male,Referee,J,ESP,Spain,Spain,['Football'],
1990706,TRUE,MERZOUK Mehdi,Male,Referee,J,FRA,France,France,['Football'],
1990707,TRUE,PATEL Sameer,Male,Referee,J,GBR,Great Britain,Great Britain,['Football'],
1990710,TRUE,SCHEPERBOER Coen,Male,Referee,J,NED,Netherlands,Netherlands,['Football'],
1990711,TRUE,SHENOUDA Emad,Male,Referee,J,CAN,Canada,Canada,['Football'],
1990714,TRUE,TOBIAS Guillermo,Male,Referee,J,URU,Uruguay,Uruguay,['Football'],
1990715,TRUE,UCHIDA Shintaro,Male,Referee,J,JPN,Japan,Japan,['Football'],
1990716,TRUE,VELASQUEZ Pedro,Male,Referee,J,GUA,Guatemala,Guatemala,['Football'],
1990717,TRUE,WEILER Richard,Male,Referee,J,GER,Germany,Germany,['Football'],
1990718,TRUE,TAVARES Eduardo,Male,Referee,J,POR,Portugal,Portugal,['Football'],
1990719,TRUE,DAI Jessie,Female,Referee,J,CHN,China,People's Republic of China,['Football'],
1990720,TRUE,LUZANOV Pavel,Male,Referee,J,KGZ,Kyrgyzstan,Kyrgyzstan,['Football'],
1990721,TRUE,NASSAR Khaled,Male,Referee,J,EGY,Egypt,Egypt,['Football'],
1990736,TRUE,DACOSTA Latoya,Female,Referee,J,JAM,Jamaica,Jamaica,['Football'],
1990795,TRUE,MUKAI Naoko,Female,Judge,J,FIG,FIG,International Gymnastics Federation,"['Artistic Gymnastics', 'Rhythmic Gymnastics', 'Trampoline Gymnastics']",
1990866,TRUE,CACHEMAILLE Celine,Female,Judge,J,FIG,FIG,International Gymnastics Federation,"['Artistic Gymnastics', 'Rhythmic Gymnastics', 'Trampoline Gymnastics']",
1990867,TRUE,DETRAZ Stephane,Male,Judge,J,FIG,FIG,International Gymnastics Federation,"['Artistic Gymnastics', 'Rhythmic Gymnastics', 'Trampoline Gymnastics']",
1990868,TRUE,MARTINET Sylvie,Female,Judge,J,FIG,FIG,International Gymnastics Federation,"['Artistic Gymnastics', 'Rhythmic Gymnastics', 'Trampoline Gymnastics']",
1990869,TRUE,VINAGRE Rui,Male,Judge,J,FIG,FIG,International Gymnastics Federation,"['Artistic Gymnastics', 'Rhythmic Gymnastics', 'Trampoline Gymnastics']",
1990870,TRUE,TERRIER Zina,Female,Judge,J,FIG,FIG,International Gymnastics Federation,"['Artistic Gymnastics', 'Rhythmic Gymnastics', 'Trampoline Gymnastics']",
1991692,TRUE,SEN Levent,Male,Referee,J,TUR,Türkiye,Türkiye,['Wrestling'],
1991697,TRUE,HALAWA Sherif,Male,Referee,J,EGY,Egypt,Egypt,['Wrestling'],
1991704,TRUE,TRAI Belkacem,Male,Referee,J,ALG,Algeria,Algeria,['Wrestling'],
1993466,TRUE,BASTIAN Beatrice,Female,Judge,J,PBU,PBU,Paris 2024 Boxing Unit,['Boxing'],
1993467,TRUE,BECKLES James,Male,Judge,J,PBU,PBU,Paris 2024 Boxing Unit,['Boxing'],
1993468,TRUE,BILETSKYI Igor,Male,Judge,J,PBU,PBU,Paris 2024 Boxing Unit,['Boxing'],
1993469,TRUE,CELEA Cristian-Georgica,Male,Judge,J,PBU,PBU,Paris 2024 Boxing Unit,['Boxing'],
1993470,TRUE,COBZAC Ramona Manuela,Female,Judge,J,PBU,PBU,Paris 2024 Boxing Unit,['Boxing'],
1993544,TRUE,SANKO Barbara,Female,Judge,J,PBU,PBU,Paris 2024 Boxing Unit,['Boxing'],
1993545,TRUE,FISCHER Angelika,Female,Judge,J,PBU,PBU,Paris 2024 Boxing Unit,['Boxing'],
1993546,TRUE,DREKE Erich,Male,Judge,J,PBU,PBU,Paris 2024 Boxing Unit,['Boxing'],
1993547,TRUE,EMERY Doug,Male,Judge,J,PBU,PBU,Paris 2024 Boxing Unit,['Boxing'],
1993548,TRUE,MORLEY Ray,Male,Judge,J,PBU,PBU,Paris 2024 Boxing Unit,['Boxing'],
1993549,TRUE,SALVO Hernan,Male,Judge,J,PBU,PBU,Paris 2024 Boxing Unit,['Boxing'],
1993550,TRUE,SANCHEZ Armando,Male,Judge,J,PBU,PBU,Paris 2024 Boxing Unit,['Boxing'],
1993551,TRUE,SANTI Bernardino,Male,Judge,J,PBU,PBU,Paris 2024 Boxing Unit,['Boxing'],
1993552,TRUE,SCAPPA Chiara,Female,Judge,J,PBU,PBU,Paris 2024 Boxing Unit,['Boxing'],
1993553,TRUE,SHEVELOVA Olha,Female,Judge,J,PBU,PBU,Paris 2024 Boxing Unit,['Boxing'],
1993554,TRUE,SHTYFURA Polina,Female,Judge,J,PBU,PBU,Paris 2024 Boxing Unit,['Boxing'],
1993555,TRUE,SOTO Andrews L,Male,Judge,J,PBU,PBU,Paris 2024 Boxing Unit,['Boxing'],
1993556,TRUE,TRIKALIOTIS Panagiotis,Male,Judge,J,PBU,PBU,Paris 2024 Boxing Unit,['Boxing'],
1993557,TRUE,VILLARREAL Angel Luis,Male,Judge,J,PBU,PBU,Paris 2024 Boxing Unit,['Boxing'],
1993558,TRUE,WONG William Alexander,Male,Judge,J,PBU,PBU,Paris 2024 Boxing Unit,['Boxing'],
1993629,TRUE,DAWANI Nadin,Female,Referee,J,WT,World Taekwondo,World Taekwondo,['Taekwondo'],
1994107,TRUE,RAVEL Stephanie,Female,Judge,J,PBU,PBU,Paris 2024 Boxing Unit,['Boxing'],
1994108,TRUE,MENARA Mario,Male,Judge,J,PBU,PBU,Paris 2024 Boxing Unit,['Boxing'],
1994109,TRUE,HADJRI Mokhtar,Male,Judge,J,PBU,PBU,Paris 2024 Boxing Unit,['Boxing'],
1994110,TRUE,GOSSELIN Severine,Female,Judge,J,PBU,PBU,Paris 2024 Boxing Unit,['Boxing'],
1994111,TRUE,SILBERMANN Philippe,Male,Judge,J,PBU,PBU,Paris 2024 Boxing Unit,['Boxing'],
1994112,TRUE,OUBAALI S Mail,Male,Judge,J,PBU,PBU,Paris 2024 Boxing Unit,['Boxing'],
1994151,TRUE,GUILLEMOT Vincent,Male,Referee,J,IHF,IHF,International Handball Federation,['Handball'],
1994152,TRUE,LEFORT Yohan,Male,Referee,J,IHF,IHF,International Handball Federation,['Handball'],
1994153,TRUE,CASTAGNO Frederic,Male,Referee,J,IHF,IHF,International Handball Federation,['Handball'],
1994154,TRUE,GRUMEL Nicolas,Male,Referee,J,IHF,IHF,International Handball Federation,['Handball'],
1994155,TRUE,RICHEL Marie,Female,Referee,J,IHF,IHF,International Handball Federation,['Handball'],
1994156,TRUE,VINCENT Tatiana,Female,Referee,J,IHF,IHF,International Handball Federation,['Handball'],
1994157,TRUE,PRUDHOMME Eddy,Male,Referee,J,IHF,IHF,International Handball Federation,['Handball'],
1994158,TRUE,LAMY Jacques,Male,Referee,J,IHF,IHF,International Handball Federation,['Handball'],
1994159,TRUE,RENAULT Romain,Male,Referee,J,IHF,IHF,International Handball Federation,['Handball'],
1994160,TRUE,de la CROIX Marie Laure,Female,Referee,J,IHF,IHF,International Handball Federation,['Handball'],
1994161,TRUE,NOUVEL Jerome,Male,Referee,J,IHF,IHF,International Handball Federation,['Handball'],
1994162,TRUE,BENRHAZAL Mohamed,Male,Referee,J,IHF,IHF,International Handball Federation,['Handball'],
1994163,TRUE,SMITS Nathalie,Female,Referee,J,IHF,IHF,International Handball Federation,['Handball'],
1994164,TRUE,CARON Christophe,Male,Referee,J,IHF,IHF,International Handball Federation,['Handball'],
1994165,TRUE,FERRIER Eduardo,Male,Referee,J,IHF,IHF,International Handball Federation,['Handball'],
1994166,TRUE,EL MEDIOUNI Najet,Female,Referee,J,IHF,IHF,International Handball Federation,['Handball'],
1994167,TRUE,VAILLANT Patrice,Male,Referee,J,IHF,IHF,International Handball Federation,['Handball'],
1994168,TRUE,CALLIGARIS Laurent,Male,Referee,J,IHF,IHF,International Handball Federation,['Handball'],
1994169,TRUE,CALLIGARIS Florian,Male,Referee,J,IHF,IHF,International Handball Federation,['Handball'],
1994170,TRUE,VERCHERE Thomas,Male,Referee,J,IHF,IHF,International Handball Federation,['Handball'],
1994171,TRUE,THOMAZO Alann,Male,Referee,J,IHF,IHF,International Handball Federation,['Handball'],
1994172,TRUE,LEIDWANGER Stephane,Male,Referee,J,IHF,IHF,International Handball Federation,['Handball'],
1994173,TRUE,BOBIN Thierry,Male,Referee,J,IHF,IHF,International Handball Federation,['Handball'],
1994174,TRUE,SOBOLEWSKI Detlef,Male,Referee,J,IHF,IHF,International Handball Federation,['Handball'],
1994175,TRUE,VERNET Gauthier,Male,Referee,J,IHF,IHF,International Handball Federation,['Handball'],
1994177,TRUE,DAVID Audrey,Female,Referee,J,IHF,IHF,International Handball Federation,['Handball'],
1994178,TRUE,PICARD Sylvie,Female,Referee,J,IHF,IHF,International Handball Federation,['Handball'],
1994179,TRUE,GRALL LEMAITRE Flore,Female,Referee,J,IHF,IHF,International Handball Federation,['Handball'],
1994180,TRUE,ALMEIDA Manuel,Male,Referee,J,IHF,IHF,International Handball Federation,['Handball'],
1994181,TRUE,COQUIN Johann,Male,Referee,J,IHF,IHF,International Handball Federation,['Handball'],
1994182,TRUE,GANDON Maxime,Male,Referee,J,IHF,IHF,International Handball Federation,['Handball'],
1994183,TRUE,CAPLIEZ Virginie,Female,Referee,J,IHF,IHF,International Handball Federation,['Handball'],
1994510,TRUE,ABUJABER Iman,Female,Referee,J,PLE,Palestine,Palestine,['Football'],
1995222,TRUE,MEARY Aurelia,Female,Referee,J,FRA,France,France,['3x3 Basketball'],
1995226,TRUE,BOIRE Elise,Female,Referee,J,FRA,France,France,['3x3 Basketball'],
1995228,TRUE,BOUTONNET Gregoire,Male,Referee,J,FRA,France,France,['3x3 Basketball'],
1995229,TRUE,PREL Nicolas,Male,Referee,J,FRA,France,France,['3x3 Basketball'],
1995231,TRUE,TAEYE Corinne,Female,Referee,J,FRA,France,France,['3x3 Basketball'],
1995232,TRUE,FAYS Francois,Male,Referee,J,FRA,France,France,['3x3 Basketball'],
1995233,TRUE,FOREST Alexis,Male,Referee,J,FRA,France,France,['3x3 Basketball'],
1995236,TRUE,MECHIN Celine,Female,Referee,J,FRA,France,France,['3x3 Basketball'],
1995237,TRUE,SEVAUX Arnaud,Male,Referee,J,FRA,France,France,['3x3 Basketball'],
1995239,TRUE,CORTINOVIS BEGLOT Chloe,Female,Referee,J,FRA,France,France,['3x3 Basketball'],
1995240,TRUE,HENON Sandrine,Female,Referee,J,FRA,France,France,['3x3 Basketball'],
1995244,TRUE,FRANCOIS Cedric,Male,Referee,J,FRA,France,France,['3x3 Basketball'],
1997639,TRUE,FROST,Female,Judge B,J,GER,Germany,Germany,['Breaking'],
1997650,TRUE,DOM-K,Male,Judge H,J,FRA,France,France,['Breaking'],
1997675,TRUE,JESS,Female,Judge E,J,ESP,Spain,Spain,['Breaking'],
1997676,TRUE,INTACT,Male,Judge I,J,UKR,Ukraine,Ukraine,['Breaking'],
1998243,TRUE,MIGAZ,Male,Judge D,J,BRA,Brazil,Brazil,['Breaking'],
2003348,TRUE,VIRUS,Male,Judge G,J,KOR,Korea,Republic of Korea,['Breaking'],
2005147,TRUE,ABATTI Ramon,Male,Referee,J,BRA,Brazil,Brazil,['Football'],
2005151,TRUE,AL NAQBI Adel,Male,Referee,J,UAE,UA Emirates,United Arab Emirates,['Football'],
2005153,TRUE,ALVES Edina,Female,Referee,J,BRA,Brazil,Brazil,['Football'],
2005159,TRUE,BEIDA Dahane,Male,Referee,J,MTN,Mauritania,Mauritania,['Football'],
2005161,TRUE,BERNATSKAIA Veronika,Female,Referee,J,KGZ,Kyrgyzstan,Kyrgyzstan,['Football'],
2005166,TRUE,CALDERAS Emikar,Female,Referee,J,VEN,Venezuela,Venezuela,['Football'],
2005170,TRUE,CVETKOVIC Jelena,Female,Referee,J,SRB,Serbia,Serbia,['Football'],
2005179,TRUE,ESKAS Espen,Male,Referee,J,NOR,Norway,Norway,['Football'],
2005180,TRUE,FALCON Yael,Male,Referee,J,ARG,Argentina,Argentina,['Football'],
2005181,TRUE,FERNANDEZ Anahi,Female,Referee,J,URU,Uruguay,Uruguay,['Football'],
2005182,TRUE,FISCHER Drew,Male,Referee,J,CAN,Canada,Canada,['Football'],
2005183,TRUE,GARCIA Katia,Female,Referee,J,MEX,Mexico,Mexico,['Football'],
2005188,TRUE,KARBOUBI Bouchra,Female,Referee,J,MAR,Morocco,Morocco,['Football'],
2005189,TRUE,KAWANA-WAUGH Campbell-Kirk,Male,Referee,J,NZL,New Zealand,New Zealand,['Football'],
2005190,TRUE,KIM Yujeong,Female,Referee,J,KOR,Korea,Republic of Korea,['Football'],
2005191,TRUE,KLARLUND Frida,Female,Referee,J,DEN,Denmark,Denmark,['Football'],
2005193,TRUE,LETEXIER Francois,Male,Referee,J,FRA,France,France,['Football'],
2005195,TRUE,MARTINEZ Said,Male,Referee,J,HON,Honduras,Honduras,['Football'],
2005200,TRUE,NYBERG Glenn,Male,Referee,J,SWE,Sweden,Sweden,['Football'],
2005201,TRUE,OLOFSSON Tess,Female,Referee,J,SWE,Sweden,Sweden,['Football'],
2005206,TRUE,PENSO Tori,Female,Referee,J,USA,United States,United States of America,['Football'],
2005218,TRUE,WELCH Rebecca,Female,Referee,J,GBR,Great Britain,Great Britain,['Football'],
2005219,TRUE,YAMASHITA Yoshimi,Female,Referee,J,JPN,Japan,Japan,['Football'],
2005674,TRUE,LAUKKANEN Anna,Female,Judge,J,PBU,PBU,Paris 2024 Boxing Unit,['Boxing'],
2005675,TRUE,WILSON Rosalind,Female,Judge,J,PBU,PBU,Paris 2024 Boxing Unit,['Boxing'],
2005676,TRUE,MACDIARMADA Diarmuid,Male,Judge,J,PBU,PBU,Paris 2024 Boxing Unit,['Boxing'],
2005677,TRUE,NORFORD Micky,Male,Judge,J,PBU,PBU,Paris 2024 Boxing Unit,['Boxing'],
2005678,TRUE,PENA CLEMENTE Felix Francisco,Male,Judge,J,PBU,PBU,Paris 2024 Boxing Unit,['Boxing'],
2005679,TRUE,BLANCHARD Edward,Male,Judge,J,PBU,PBU,Paris 2024 Boxing Unit,['Boxing'],
2005680,TRUE,BOBINAS Vilmantas,Male,Judge,J,PBU,PBU,Paris 2024 Boxing Unit,['Boxing'],
2005681,TRUE,CALO-OY Mark,Male,Judge,J,PBU,PBU,Paris 2024 Boxing Unit,['Boxing'],
2005682,TRUE,CANNELL Geoffrey,Male,Judge,J,PBU,PBU,Paris 2024 Boxing Unit,['Boxing'],
2005683,TRUE,DAHLEN Geir,Male,Referee,J,NOR,Norway,Norway,['Boxing'],
2005684,TRUE,BEKI Piroska,Female,Referee,J,HUN,Hungary,Hungary,['Boxing'],
2005685,TRUE,DUNAR Cem,Male,Referee,J,NED,Netherlands,Netherlands,['Boxing'],
2005686,TRUE,FALORNI Paola,Female,Judge,J,PBU,PBU,Paris 2024 Boxing Unit,['Boxing'],
2005687,TRUE,FRANCHI Carlo,Male,Judge,J,PBU,PBU,Paris 2024 Boxing Unit,['Boxing'],
2005688,TRUE,GASPAR Antonin,Male,Referee,J,CZE,Czechia,Czechia,['Boxing'],
2005690,TRUE,HANEVICS Leonids,Male,Judge,J,PBU,PBU,Paris 2024 Boxing Unit,['Boxing'],
2005691,TRUE,KOPKE Susann,Female,Referee,J,GER,Germany,Germany,['Boxing'],
2005692,TRUE,LYUBARSKYY Yuriy,Male,Judge,J,PBU,PBU,Paris 2024 Boxing Unit,['Boxing'],
2005693,TRUE,MELISS Dmitri,Male,Referee,J,EST,Estonia,Estonia,['Boxing'],
2005694,TRUE,MIETLA Kazimierz,Male,Judge,J,PBU,PBU,Paris 2024 Boxing Unit,['Boxing'],
2005695,TRUE,OLANDER Mats,Male,Judge,J,PBU,PBU,Paris 2024 Boxing Unit,['Boxing'],
2005696,TRUE,PAVLOV Pavel,Male,Referee,J,BUL,Bulgaria,Bulgaria,['Boxing'],
2005697,TRUE,PETERSON Wade,Male,Referee,J,CAN,Canada,Canada,['Boxing'],
2005698,TRUE,PETERSON Jakov,Male,Referee,J,EST,Estonia,Estonia,['Boxing'],
2005699,TRUE,POPOV Ivan,Male,Judge,J,PBU,PBU,Paris 2024 Boxing Unit,['Boxing'],
2005700,TRUE,RAMAJ Naim,Male,Judge,J,PBU,PBU,Paris 2024 Boxing Unit,['Boxing'],
2005701,TRUE,RIVERA Don,Male,Judge,J,PBU,PBU,Paris 2024 Boxing Unit,['Boxing'],
2005702,TRUE,RIZZARDO Maria,Female,Judge,J,PBU,PBU,Paris 2024 Boxing Unit,['Boxing'],
2005703,TRUE,SCHRODER Jurgen,Male,Judge,J,PBU,PBU,Paris 2024 Boxing Unit,['Boxing'],
2005704,TRUE,SERVIDE Roberto Fernando,Male,Referee,J,ARG,Argentina,Argentina,['Boxing'],
2005705,TRUE,SIMON Radoslav,Male,Referee,J,SVK,Slovakia,Slovakia,['Boxing'],
2005706,TRUE,SNIUKSTA Gintaras,Male,Judge,J,PBU,PBU,Paris 2024 Boxing Unit,['Boxing'],
2005707,TRUE,HAMMER SORENSEN Jorgen,Male,Judge,J,PBU,PBU,Paris 2024 Boxing Unit,['Boxing'],
2005708,TRUE,VASILIAUSKAS Rytis,Male,Judge,J,PBU,PBU,Paris 2024 Boxing Unit,['Boxing'],
2005709,TRUE,VASYLYNCHUK Pavlo,Male,Judge,J,PBU,PBU,Paris 2024 Boxing Unit,['Boxing'],
2005710,TRUE,VERHOEVEN Jeffery,Male,Referee,J,CAN,Canada,Canada,['Boxing'],
2005711,TRUE,VILARINO Manuel,Male,Referee,J,ARG,Argentina,Argentina,['Boxing'],
2005712,TRUE,PIKE David,Male,Judge,J,PBU,PBU,Paris 2024 Boxing Unit,['Boxing'],
2005713,TRUE,SZUCS Veronika,Female,Referee,J,HUN,Hungary,Hungary,['Boxing'],
2005714,TRUE,RUHEN Carl,Male,Referee,J,AUS,Australia,Australia,['Boxing'],
2005715,TRUE,INNES Lee,Male,Referee,J,GBR,Great Britain,Great Britain,['Boxing'],
2005716,TRUE,MA Jonghyo,Male,Judge,J,PBU,PBU,Paris 2024 Boxing Unit,['Boxing'],
2005717,TRUE,LIN Chia Chan,Female,Referee,J,TPE,Chinese Taipei,Chinese Taipei,['Boxing'],
2005718,TRUE,LEE Hyeok,Female,Judge,J,PBU,PBU,Paris 2024 Boxing Unit,['Boxing'],
2005719,TRUE,KURGINIAN Artur,Male,Judge,J,PBU,PBU,Paris 2024 Boxing Unit,['Boxing'],
2005720,TRUE,KRUTASOV Sergei,Male,Referee,J,PBU,PBU,Paris 2024 Boxing Unit,['Boxing'],
2005721,TRUE,KIM Jihyun,Male,Judge,J,PBU,PBU,Paris 2024 Boxing Unit,['Boxing'],
2005722,TRUE,KIM Jongjin,Male,Referee,J,KOR,Korea,Republic of Korea,['Boxing'],
2005723,TRUE,MIHAI Ion,Male,Judge,J,PBU,PBU,Paris 2024 Boxing Unit,['Boxing'],
2005724,TRUE,CHO Jungsook,Female,Referee,J,KOR,Korea,Republic of Korea,['Boxing'],
2005725,TRUE,CHANG Yu Ling,Female,Judge,J,PBU,PBU,Paris 2024 Boxing Unit,['Boxing'],
2005726,TRUE,ALLAN CAMPBELL Beau,Male,Judge,J,PBU,PBU,Paris 2024 Boxing Unit,['Boxing'],
2005727,TRUE,ZELIKOWICZ Luis,Male,Judge,J,PBU,PBU,Paris 2024 Boxing Unit,['Boxing'],
2005728,TRUE,STEPHENS JOHN Deborah Ann,Female,Judge,J,PBU,PBU,Paris 2024 Boxing Unit,['Boxing'],
2005729,TRUE,VONG Kuok Veng,Male,Judge,J,PBU,PBU,Paris 2024 Boxing Unit,['Boxing'],
2005730,TRUE,JAYASINHA Eesajith,Male,Judge,J,PBU,PBU,Paris 2024 Boxing Unit,['Boxing'],
2005731,TRUE,WHIPPY Ratu Seru,Male,Judge,J,PBU,PBU,Paris 2024 Boxing Unit,['Boxing'],
2005733,TRUE,CHAPLIN David,Male,Judge,J,PBU,PBU,Paris 2024 Boxing Unit,['Boxing'],
2005734,TRUE,DZIURGOT Maciej,Male,Judge,J,PBU,PBU,Paris 2024 Boxing Unit,['Boxing'],
2005735,TRUE,STEFANSKI Filip,Male,Judge,J,PBU,PBU,Paris 2024 Boxing Unit,['Boxing'],
2005737,TRUE,MADEN Johany,Male,Judge,J,PBU,PBU,Paris 2024 Boxing Unit,['Boxing'],
2008524,TRUE,KAZUHIRO,Male,Judge A,J,JPN,Japan,Japan,['Breaking'],
2009147,TRUE,HAMILTON Odette,Female,Referee,J,JAM,Jamaica,Jamaica,['Football'],
2009149,TRUE,ISMAIL Mahmood,Male,Referee,J,SUD,Sudan,Sudan,['Football'],
2009154,TRUE,TANTASHEV Ilgiz,Male,Referee,J,UZB,Uzbekistan,Uzbekistan,['Football'],
2009168,TRUE,NABADDA Shamirah,Female,Referee,J,UGA,Uganda,Uganda,['Football'],
2014175,TRUE,NI Marina,Female,Judge,J,PBU,PBU,Paris 2024 Boxing Unit,['Boxing'],
2014176,TRUE,SUIYENISH Yermek,Male,Referee,J,KAZ,Kazakhstan,Kazakhstan,['Boxing'],
2014177,TRUE,THAMPU Nelka,Female,Referee,J,SRI,Sri Lanka,Sri Lanka,['Boxing'],
2014178,TRUE,SAI ASHOK Kabilan,Male,Referee,J,IND,India,India,['Boxing'],
2014179,TRUE,SAFRASK Mohamed,Male,Judge,J,PBU,PBU,Paris 2024 Boxing Unit,['Boxing'],
2014180,TRUE,MOUFASSIR Said,Male,Judge,J,PBU,PBU,Paris 2024 Boxing Unit,['Boxing'],
2014182,TRUE,BORKOEVA Zhamila,Female,Judge,J,PBU,PBU,Paris 2024 Boxing Unit,['Boxing'],
2014183,TRUE,POHAN Muhammad,Male,Referee,J,INA,Indonesia,Indonesia,['Boxing'],
2014230,TRUE,ABBAR Bachir,Male,Referee,J,MAR,Morocco,Morocco,['Boxing'],
2014600,TRUE,BATYROV Nurbek,Male,Judge,J,PBU,PBU,Paris 2024 Boxing Unit,['Boxing'],
2017691,TRUE,FRANCO-ROOKS Sheldon,Male,Referee,J,GBR,Great Britain,Great Britain,['Judo'],
2044484,TRUE,AMANO Akiko,Female,Referee,J,JPN,Japan,Japan,['Judo'],
2046731,TRUE,BABIUC Ioana,Female,Referee,J,ROU,Romania,Romania,['Judo'],
2049057,TRUE,BATAILLE Matthieu,Male,Referee,J,FRA,France,France,['Judo'],
2050908,TRUE,CODA Renata,Female,Referee,J,WAQU,World Aquatics,World Aquatics,['Marathon Swimming'],
2052888,TRUE,BEN ZVI Ofer,Male,Referee,J,ISR,Israel,Israel,['Judo'],
2054317,TRUE,CAMACHO PEREZ Raul,Male,Referee,J,ESP,Spain,Spain,['Judo'],
2057677,TRUE,CHYURLIA Roberta,Female,Referee,J,ITA,Italy,Italy,['Judo'],
2059799,TRUE,CRUZ CRUZ Orlando,Male,Referee,J,DOM,Dominican Republic,Dominican Republic,['Judo'],
2061938,TRUE,DJIMBI Jean Claude,Male,Referee,J,GAB,Gabon,Gabon,['Judo'],
2063597,TRUE,dos SANTOS Mariano,Male,Referee,J,BRA,Brazil,Brazil,['Judo'],
2067277,TRUE,GONZALEZ Elizabeth,Female,Referee,J,MEX,Mexico,Mexico,['Judo'],
2073824,TRUE,GOSZTONYI Balazs,Male,Referee,J,HUN,Hungary,Hungary,['Judo'],
2074928,TRUE,MARERE Aehoitetauirarii,Male,Technical Official,J,ISA,ISA,International Surfing Association,['Surfing'],
2074935,TRUE,ARAKINO Moko,Male,Technical Official,J,ISA,ISA,International Surfing Association,['Surfing'],
2074939,TRUE,MASSIN Nathalie,Female,Technical Official,J,ISA,ISA,International Surfing Association,['Surfing'],
2074945,TRUE,AMARU Prisca,Female,Technical Official,J,ISA,ISA,International Surfing Association,['Surfing'],
2074951,TRUE,COUTURAUD Heremoana,Male,Technical Official,J,ISA,ISA,International Surfing Association,['Surfing'],
2074956,TRUE,DUHAZE Yann,Male,Technical Official,J,ISA,ISA,International Surfing Association,['Surfing'],
2074962,TRUE,PAHAPE Sarah,Female,Technical Official,J,ISA,ISA,International Surfing Association,['Surfing'],
2074968,TRUE,de LONGEAUX Xavier,Male,Technical Official,J,ISA,ISA,International Surfing Association,['Surfing'],
2075404,TRUE,KARINKANTA Veli-Matti,Male,Referee,J,FIN,Finland,Finland,['Judo'],
2078388,TRUE,NUTSUBIDZE Vladimer,Male,Referee,J,GEO,Georgia,Georgia,['Judo'],
2080942,TRUE,PERETEYKO Vyacheslav,Male,Referee,J,UZB,Uzbekistan,Uzbekistan,['Judo'],
2082578,TRUE,FRANULOVIC Andrej,Male,Referee,J,CRO,Croatia,Croatia,['Water Polo'],
2083888,TRUE,RAO Lang,Female,Judge,J,CHN,China,People's Republic of China,['Diving'],
2084202,TRUE,PETR Lubomir,Male,Referee,J,AUS,Australia,Australia,['Judo'],
2084318,TRUE,DEBRECENI Nora Nikola,Female,Referee,J,HUN,Hungary,Hungary,['Water Polo'],
2084569,TRUE,KRUTKAEW Varinthip,Female,Referee,J,WAQU,World Aquatics,World Aquatics,['Marathon Swimming'],
2084667,TRUE,ZHANG Liang,Male,Referee,J,CHN,China,People's Republic of China,['Water Polo'],
2084843,TRUE,AXTELIUS Peter,Male,Judge,J,SWE,Sweden,Sweden,['Diving'],
2084910,TRUE,PARISI Hugo,Male,Judge,J,BRA,Brazil,Brazil,['Diving'],
2085388,TRUE,KOLIC Natasa,Female,Judge,J,CRO,Croatia,Croatia,['Diving'],
2085933,TRUE,BLANCHARD Aurely,Female,Referee,J,FRA,France,France,['Water Polo'],
2086405,TRUE,ZHANG Guangyue,Female,Referee,J,CHN,China,People's Republic of China,['Judo'],
2088103,TRUE,CORTES Manuel,Male,Referee,J,ESP,Spain,Spain,['Judo'],
2090832,TRUE,KNOESTER Carlo,Male,Referee,J,AUS,Australia,Australia,['Judo'],
2092195,TRUE,MASHBAT Bukhbat,Male,Referee,J,MGL,Mongolia,Mongolia,['Judo'],
2093293,TRUE,RAKHLIN Evgeny,Male,Referee,J,IJF,IJF,International Judo Federation,['Judo'],
2279615,TRUE,GERRARD David,Male,Referee,J,WAQU,World Aquatics,World Aquatics,"['Diving', 'Marathon Swimming', 'Artistic Swimming', 'Water Polo']",
2279688,TRUE,MILLER James,Male,Referee,J,WAQU,World Aquatics,World Aquatics,"['Diving', 'Marathon Swimming', 'Artistic Swimming', 'Water Polo']",
2279694,TRUE,MERKELY Bela Peter,Male,Referee,J,WAQU,World Aquatics,World Aquatics,"['Diving', 'Marathon Swimming', 'Artistic Swimming', 'Water Polo']",
2279704,TRUE,ELHABIBY Riham,Female,Referee,J,WAQU,World Aquatics,World Aquatics,"['Diving', 'Marathon Swimming', 'Artistic Swimming', 'Water Polo']",
2279707,TRUE,van den HOOGENBAND Cees,Male,Referee,J,WAQU,World Aquatics,World Aquatics,"['Diving', 'Marathon Swimming', 'Artistic Swimming', 'Water Polo']",
2279712,TRUE,SHERAFAT VAZIRI Arash,Male,Referee,J,WAQU,World Aquatics,World Aquatics,"['Diving', 'Marathon Swimming', 'Artistic Swimming', 'Water Polo']",
2279716,TRUE,WINGFIELD WILLIAMS Kristin,Female,Referee,J,WAQU,World Aquatics,World Aquatics,"['Diving', 'Marathon Swimming', 'Artistic Swimming', 'Water Polo']",
2279831,TRUE,ZHAO Qi,Male,Referee,J,WAQU,World Aquatics,World Aquatics,['Water Polo'],
2279833,TRUE,COMPOIS Benedicte,Female,Referee,J,WAQU,World Aquatics,World Aquatics,['Marathon Swimming'],
2279834,TRUE,CIRIC Mihajlo,Male,Referee,J,WAQU,World Aquatics,World Aquatics,['Water Polo'],
2279835,TRUE,PETERSON Gord,Male,Judge,J,CAN,Canada,Canada,['Diving'],
2279836,TRUE,MOLINER Angel,Male,Referee,J,WAQU,World Aquatics,World Aquatics,['Water Polo'],
2279837,TRUE,LINDBERG Mathz,Male,Judge,J,SWE,Sweden,Sweden,['Diving'],
2279838,TRUE,BRGULJAN Marijo,Male,Referee,J,WAQU,World Aquatics,World Aquatics,['Water Polo'],
2279839,TRUE,KRYNICKI Bartlomiej,Male,Judge,J,POL,Poland,Poland,['Diving'],
2279841,TRUE,SOROKINA Anna,Female,Judge,J,UKR,Ukraine,Ukraine,['Diving'],
2279842,TRUE,de JESUS Manuel,Male,Referee,J,WAQU,World Aquatics,World Aquatics,['Water Polo'],
2279843,TRUE,ALSAFFAR Bashar,Male,Judge,J,KUW,Kuwait,Kuwait,['Diving'],
2279845,TRUE,NOVOTNA Hana,Female,Judge,J,CZE,Czechia,Czechia,['Diving'],
2279846,TRUE,WILLIS Dion,Male,Referee,J,WAQU,World Aquatics,World Aquatics,['Water Polo'],
2279850,TRUE,FODOR Szabolcs,Male,Referee,J,WAQU,World Aquatics,World Aquatics,['Marathon Swimming'],
2279851,TRUE,KURODA Ken,Male,Referee,J,WAQU,World Aquatics,World Aquatics,['Water Polo'],
2279852,TRUE,KANETO Yuki,Female,Judge,J,JPN,Japan,Japan,['Diving'],
2279853,TRUE,van VEENHUYZEN Emile,Male,Referee,J,WAQU,World Aquatics,World Aquatics,['Marathon Swimming'],
2279855,TRUE,BROCHERO Monica,Female,Referee,J,WAQU,World Aquatics,World Aquatics,['Water Polo'],
2279858,TRUE,AL ALAWI Abdul Monem,Male,Referee,J,WAQU,World Aquatics,World Aquatics,['Marathon Swimming'],
2279859,TRUE,CAPUTI Massimiliano,Male,Referee,J,WAQU,World Aquatics,World Aquatics,['Water Polo'],
2279861,TRUE,HOEPELMAN Andy,Male,Referee,J,WAQU,World Aquatics,World Aquatics,['Water Polo'],
2279862,TRUE,SOTO Jorge,Male,Referee,J,WAQU,World Aquatics,World Aquatics,['Water Polo'],
2279863,TRUE,BEBIC Milivoj,Male,Referee,J,WAQU,World Aquatics,World Aquatics,['Water Polo'],
2279865,TRUE,BAPTISTA Luis,Male,Referee,J,WAQU,World Aquatics,World Aquatics,['Marathon Swimming'],
2279867,TRUE,CASSIDY S.A. Sid,Male,Referee,J,WAQU,World Aquatics,World Aquatics,['Marathon Swimming'],
2279869,TRUE,HASSAN Mohamed,Male,Judge,J,EGY,Egypt,Egypt,['Diving'],
2279872,TRUE,KOH Tony,Male,Judge,J,MAS,Malaysia,Malaysia,['Diving'],
2279873,TRUE,WEERTMAN Ferry,Male,Referee,J,WAQU,World Aquatics,World Aquatics,['Marathon Swimming'],
2279874,TRUE,KASHMIRI Ziyad,Male,Referee,J,WAQU,World Aquatics,World Aquatics,['Marathon Swimming'],
2279875,TRUE,REZVANI Mohsen,Male,Referee,J,WAQU,World Aquatics,World Aquatics,['Water Polo'],
2279876,TRUE,CAMERON Don,Male,Referee,J,WAQU,World Aquatics,World Aquatics,['Water Polo'],
2279877,TRUE,BROOKER Eric,Male,Judge,J,AUS,Australia,Australia,['Diving'],
2279878,TRUE,GUO Jingjing,Female,Judge,J,HKG,"Hong Kong, China","Hong Kong, China",['Diving'],
2279879,TRUE,BOGOMILOVA Tanya,Female,Referee,J,WAQU,World Aquatics,World Aquatics,['Marathon Swimming'],
2279880,TRUE,FARID Hadi,Male,Referee,J,WAQU,World Aquatics,World Aquatics,['Water Polo'],
2279881,TRUE,KOZOMPOLI Stavroula,Female,Referee,J,WAQU,World Aquatics,World Aquatics,['Water Polo'],
2279882,TRUE,MOLNAR Tamas,Male,Referee,J,WAQU,World Aquatics,World Aquatics,['Water Polo'],
2279885,TRUE,PRAYER Andrea,Male,Referee,J,WAQU,World Aquatics,World Aquatics,['Marathon Swimming'],
2279886,TRUE,LI Na,Female,Judge,J,CHN,China,People's Republic of China,['Diving'],
2279887,TRUE,WEST John,Male,Referee,J,WAQU,World Aquatics,World Aquatics,['Marathon Swimming'],
2279889,TRUE,PAPAZIAN Richard,Male,Referee,J,WAQU,World Aquatics,World Aquatics,['Water Polo'],
2279890,TRUE,KAMRAU Britta,Female,Referee,J,WAQU,World Aquatics,World Aquatics,['Marathon Swimming'],
2279891,TRUE,KELEMEN Ildiko,Female,Judge,J,WAQU,World Aquatics,World Aquatics,['Diving'],
2279893,TRUE,DONOVAL Sanda,Female,Judge,J,CRO,Croatia,Croatia,['Diving'],
2279895,TRUE,ICHIKAWA Ioki,Male,Referee,J,WAQU,World Aquatics,World Aquatics,['Marathon Swimming'],
2279896,TRUE,SALAS Josue,Male,Judge,J,PER,Peru,Peru,['Diving'],
2279897,TRUE,MENA Jesus,Male,Judge,J,MEX,Mexico,Mexico,['Diving'],
2279899,TRUE,van de BERG Damian,Male,Referee,J,WAQU,World Aquatics,World Aquatics,['Marathon Swimming'],
2279900,TRUE,BECK Melanie,Female,Judge,J,GBR,Great Britain,Great Britain,['Diving'],
2279901,TRUE,CHENG Ho Ming Edward,Male,Referee,J,WAQU,World Aquatics,World Aquatics,['Marathon Swimming'],
2280241,TRUE,de RENZIS Laura,Female,Judge,J,WAQU,World Aquatics,World Aquatics,['Artistic Swimming'],
2280242,TRUE,VIZI Judit,Female,Judge,J,WAQU,World Aquatics,World Aquatics,['Artistic Swimming'],
2280243,TRUE,KAVAKLIOGLU Marie,Female,Judge,J,WAQU,World Aquatics,World Aquatics,['Artistic Swimming'],
2280244,TRUE,ASAHARA Fumiko,Female,Judge,J,WAQU,World Aquatics,World Aquatics,['Artistic Swimming'],
2280245,TRUE,NAIDOO Jennifer,Female,Judge,J,WAQU,World Aquatics,World Aquatics,['Artistic Swimming'],
2280246,TRUE,CROES Esther,Female,Judge,J,WAQU,World Aquatics,World Aquatics,['Artistic Swimming'],
2280247,TRUE,LUO Xi,Female,Judge,J,WAQU,World Aquatics,World Aquatics,['Artistic Swimming'],
2280248,TRUE,HAZLE Betty,Female,Judge,J,WAQU,World Aquatics,World Aquatics,['Artistic Swimming'],
2280249,TRUE,KARAMPELA Despoina,Female,Judge,J,WAQU,World Aquatics,World Aquatics,['Artistic Swimming'],
2280250,TRUE,PAVON Veronica,Female,Judge,J,WAQU,World Aquatics,World Aquatics,['Artistic Swimming'],
2280251,TRUE,KARIMOVA Aliya,Female,Judge,J,WAQU,World Aquatics,World Aquatics,['Artistic Swimming'],
2280252,TRUE,NEPOTACHEVA Anna,Female,Judge,J,WAQU,World Aquatics,World Aquatics,['Artistic Swimming'],
2280253,TRUE,VIGLINO Gabriela,Female,Judge,J,WAQU,World Aquatics,World Aquatics,['Artistic Swimming'],
2280254,TRUE,MONTERO Ana,Female,Judge,J,WAQU,World Aquatics,World Aquatics,['Artistic Swimming'],
2280255,TRUE,SCHOTT Lisa,Female,Judge,J,WAQU,World Aquatics,World Aquatics,['Artistic Swimming'],
2280256,TRUE,CHEW Steve,Male,Judge,J,WAQU,World Aquatics,World Aquatics,['Artistic Swimming'],
2280354,TRUE,BAI Muwei,Female,Judge,J,WAQU,World Aquatics,World Aquatics,['Artistic Swimming'],
2280355,TRUE,HEALD Kara,Female,Judge,J,WAQU,World Aquatics,World Aquatics,['Artistic Swimming'],
2280356,TRUE,ZAPATA AGUDELO Lina Maria,Female,Judge,J,WAQU,World Aquatics,World Aquatics,['Artistic Swimming'],
2280357,TRUE,ARRAM Iman,Female,Judge,J,WAQU,World Aquatics,World Aquatics,['Artistic Swimming'],
2280358,TRUE,SHEPARD Lucia,Female,Judge,J,WAQU,World Aquatics,World Aquatics,['Artistic Swimming'],
2280359,TRUE,SUMI Akiko,Female,Judge,J,WAQU,World Aquatics,World Aquatics,['Artistic Swimming'],
2280360,TRUE,PRATT Ali,Female,Judge,J,WAQU,World Aquatics,World Aquatics,['Artistic Swimming'],
2280361,TRUE,RUSSELL Cheryl,Female,Judge,J,WAQU,World Aquatics,World Aquatics,['Artistic Swimming'],
2280362,TRUE,LERMAN Natalia,Female,Judge,J,WAQU,World Aquatics,World Aquatics,['Artistic Swimming'],
2280363,TRUE,MONTEDONICO Sofia Victoria,Female,Judge,J,WAQU,World Aquatics,World Aquatics,['Artistic Swimming'],
2280364,TRUE,GARCIA GENTA Luciana,Female,Judge,J,WAQU,World Aquatics,World Aquatics,['Artistic Swimming'],
2280365,TRUE,OBERMARK FUNKE Petra,Female,Judge,J,WAQU,World Aquatics,World Aquatics,['Artistic Swimming'],
2280366,TRUE,VEGA COUTO Marisol,Female,Judge,J,WAQU,World Aquatics,World Aquatics,['Artistic Swimming'],
2280367,TRUE,GRICAR Iva,Female,Judge,J,WAQU,World Aquatics,World Aquatics,['Artistic Swimming'],
2280368,TRUE,MUSSON Courtney,Female,Judge,J,WAQU,World Aquatics,World Aquatics,['Artistic Swimming'],
2280369,TRUE,KEUR Rynske,Female,Judge,J,WAQU,World Aquatics,World Aquatics,['Artistic Swimming'],
2281421,TRUE,COLOMBO Raffaele,Male,Referee,J,ITA,Italy,Italy,['Water Polo'],
2281422,TRUE,DAW Yehia,Male,Judge,J,EGY,Egypt,Egypt,['Diving'],
2281423,TRUE,DERVIEUX Sebastien,Male,Referee,J,FRA,France,France,['Water Polo'],
2281425,TRUE,FERRARI Alessia,Female,Referee,J,ITA,Italy,Italy,['Water Polo'],
2281427,TRUE,GILLESPIE Ross,Male,Referee,J,WAQU,World Aquatics,World Aquatics,['Marathon Swimming'],
2281428,TRUE,GOLOVAN Anatoliy,Male,Judge,J,UKR,Ukraine,Ukraine,['Diving'],
2281429,TRUE,GOMEZ PORDOMINGO David,Male,Referee,J,ESP,Spain,Spain,['Water Polo'],
2281430,TRUE,HODGERS Nicholas,Male,Referee,J,AUS,Australia,Australia,['Water Polo'],
2281432,TRUE,KIAMBATA Kimbu,Male,Referee,J,WAQU,World Aquatics,World Aquatics,['Marathon Swimming'],
2281433,TRUE,KOVACS-CSATLOS Tamas,Male,Referee,J,HUN,Hungary,Hungary,['Water Polo'],
2281434,TRUE,KUROSAKI Chisato,Male,Referee,J,JPN,Japan,Japan,['Water Polo'],
2281445,TRUE,ISNARD Adrien,Male,Line Judge,J,FIVB,FIVB,International Volleyball Federation,['Beach Volleyball'],
2281448,TRUE,LEGRAND Olivier,Male,Line Judge,J,FIVB,FIVB,International Volleyball Federation,['Beach Volleyball'],
2281449,TRUE,HORVAIS Azeline,Female,Line Judge,J,FIVB,FIVB,International Volleyball Federation,['Beach Volleyball'],
2281450,TRUE,MENDES Zelio,Male,Line Judge,J,FIVB,FIVB,International Volleyball Federation,['Beach Volleyball'],
2281451,TRUE,CHARRIERE Fabien,Male,Line Judge,J,FIVB,FIVB,International Volleyball Federation,['Beach Volleyball'],
2281452,TRUE,de CASTRO Miguel,Male,Line Judge,J,FIVB,FIVB,International Volleyball Federation,['Beach Volleyball'],
2281454,TRUE,NIEL Maxime,Male,Line Judge,J,FIVB,FIVB,International Volleyball Federation,['Beach Volleyball'],
2281455,TRUE,TORRE Pietro,Male,Line Judge,J,FIVB,FIVB,International Volleyball Federation,['Beach Volleyball'],
2281456,TRUE,le CORVIC Frank,Male,Line Judge,J,FIVB,FIVB,International Volleyball Federation,['Beach Volleyball'],
2281457,TRUE,DENIS Olivier,Male,Line Judge,J,FIVB,FIVB,International Volleyball Federation,['Beach Volleyball'],
2281459,TRUE,de THY Morgane,Female,Line Judge,J,FIVB,FIVB,International Volleyball Federation,['Beach Volleyball'],
2281460,TRUE,TRANCHANT Sebastien,Male,Line Judge,J,FIVB,FIVB,International Volleyball Federation,['Beach Volleyball'],
2281461,TRUE,CREPEL Stephane,Male,Line Judge,J,FIVB,FIVB,International Volleyball Federation,['Beach Volleyball'],
2281462,TRUE,BRASSART Geoffrey,Male,Line Judge,J,FIVB,FIVB,International Volleyball Federation,['Beach Volleyball'],
2281463,TRUE,AGESILAS Yael,Male,Line Judge,J,FIVB,FIVB,International Volleyball Federation,['Beach Volleyball'],
2281466,TRUE,TANGUY Ludivine,Female,Line Judge,J,FIVB,FIVB,International Volleyball Federation,['Beach Volleyball'],
2281467,TRUE,RANCHAL Lilian,Male,Line Judge,J,FIVB,FIVB,International Volleyball Federation,['Beach Volleyball'],
2281469,TRUE,PIETRASIK Theo,Male,Line Judge,J,FIVB,FIVB,International Volleyball Federation,['Beach Volleyball'],
2281471,TRUE,GREUILLET Laurence,Female,Line Judge,J,FIVB,FIVB,International Volleyball Federation,['Beach Volleyball'],
2281472,TRUE,MAMERI Fahim,Male,Line Judge,J,FIVB,FIVB,International Volleyball Federation,['Beach Volleyball'],
2281520,TRUE,ZWI Noam,Male,Judge,J,WAQU,World Aquatics,World Aquatics,['Artistic Swimming'],
2281953,TRUE,OHME Frank,Male,Referee,J,GER,Germany,Germany,['Water Polo'],
2281954,TRUE,TOULOUDIS Nikolaos,Male,Judge,J,GRE,Greece,Greece,['Diving'],
2281955,TRUE,PEREZ Angel,Male,Judge,J,ESP,Spain,Spain,['Diving'],
2281956,TRUE,TOMLINSON Vicki,Female,Judge,J,GBR,Great Britain,Great Britain,['Diving'],
2281957,TRUE,LEE William,Male,Judge,J,SGP,Singapore,Singapore,['Diving'],
2281958,TRUE,MARGETA Boris,Male,Referee,J,SLO,Slovenia,Slovenia,['Water Polo'],
2281959,TRUE,STEWART Lee-Anne,Female,Referee,J,RSA,South Africa,South Africa,['Water Polo'],
2281960,TRUE,MISKOVIC Veselin,Male,Referee,J,MNE,Montenegro,Montenegro,['Water Polo'],
2281962,TRUE,ZWART Michiel,Male,Referee,J,NED,Netherlands,Netherlands,['Water Polo'],
2281963,TRUE,Mc CALL Jennifer Erin,Female,Referee,J,USA,United States,United States of America,['Water Polo'],
2281964,TRUE,SZEKFFY Nora,Female,Judge,J,HUN,Hungary,Hungary,['Diving'],
2281965,TRUE,STABILE Jeffrey,Male,Judge,J,USA,United States,United States of America,['Diving'],
2281967,TRUE,YEOH Ken Nee,Male,Judge,J,MAS,Malaysia,Malaysia,['Diving'],
2281971,TRUE,POTVIN Sylvie,Female,Referee,J,WAQU,World Aquatics,World Aquatics,['Marathon Swimming'],
2281973,TRUE,PUTNIKOVIC Vojin,Male,Referee,J,SRB,Serbia,Serbia,['Water Polo'],
2281974,TRUE,MIN Seoghong,Male,Judge,J,KOR,Korea,Republic of Korea,['Diving'],
2281976,TRUE,SPIRITOSANTO Darren Brown,Male,Referee,J,USA,United States,United States of America,['Water Polo'],
2281977,TRUE,MEHALHEL Yasser Ali Said,Male,Referee,J,EGY,Egypt,Egypt,['Water Polo'],
2281978,TRUE,MARKOPOULOU Natalia,Female,Referee,J,GRE,Greece,Greece,['Water Polo'],
2281979,TRUE,RODRIGUEZ Angelique,Female,Judge,J,PUR,Puerto Rico,Puerto Rico,['Diving'],
2281980,TRUE,SCHREUDERS Frits Albert,Male,Referee,J,WAQU,World Aquatics,World Aquatics,['Marathon Swimming'],
2281990,TRUE,van der VOORT Ronald,Male,Judge,J,NED,Netherlands,Netherlands,['Diving'],
2281996,TRUE,SOH Soh Yew Siang,Male,Referee,J,WAQU,World Aquatics,World Aquatics,['Marathon Swimming'],
2281997,TRUE,RAK Mladen,Male,Referee,J,CRO,Croatia,Croatia,['Water Polo'],
2281998,TRUE,STAVRIDIS Georgios,Male,Referee,J,GRE,Greece,Greece,['Water Polo'],
2288825,TRUE,SHAHRIYARI Paria,Female,Referee,J,IRI,IR Iran,Islamic Republic of Iran,['Football'],
2292964,TRUE,BOYER James,Male,Referee,J,FIBA,FIBA,International Basketball Federation,['Basketball'],
2310748,TRUE,MOY,Male,Judge C,J,USA,United States,United States of America,['Breaking'],
2318060,TRUE,BROOKER Gillian,Female,Judge,J,AUS,Australia,Australia,['Diving'],
2318063,TRUE,CALDERARA Gianluca,Male,Judge,J,ITA,Italy,Italy,['Diving'],
2318067,TRUE,ARUMBOWO Pranarta,Male,Judge,J,INA,Indonesia,Indonesia,['Diving'],
2318076,TRUE,AZORIN Daniel,Male,Judge,J,FRA,France,France,['Diving'],
2318080,TRUE,BANUELOS Ricardo,Male,Judge,J,MEX,Mexico,Mexico,['Diving'],
2318089,TRUE,BUSH Barb,Female,Judge,J,CAN,Canada,Canada,['Diving'],
2318093,TRUE,SCHLEPPS Holger,Male,Judge,J,GER,Germany,Germany,['Diving'],
2318098,TRUE,CABANAS Marta,Female,Referee,J,ESP,Spain,Spain,['Water Polo'],
2318102,TRUE,ALEXANDRESCU Adrian,Male,Referee,J,ROU,Romania,Romania,['Water Polo'],
2473637,TRUE,SAITO Satoru,Male,Referee,J,JPN,Japan,Japan,['Taekwondo'],
2473638,TRUE,RODRIGUEZ Guillermo,Male,Referee,J,VEN,Venezuela,Venezuela,['Taekwondo'],
2473639,TRUE,LEE Jeng Yen,Female,Referee,J,MAS,Malaysia,Malaysia,['Taekwondo'],
2473640,TRUE,BAGHERI KALMARZI Masoumeh,Female,Referee,J,IRI,IR Iran,Islamic Republic of Iran,['Taekwondo'],
2473641,TRUE,LEVAI Ksenija,Female,Referee,J,SRB,Serbia,Serbia,['Taekwondo'],
2473642,TRUE,CHOI Yongbae,Male,Referee,J,KOR,Korea,Republic of Korea,['Taekwondo'],
2473643,TRUE,KHORASSANDJIAN Daniel,Male,Referee,J,LBN,Lebanon,Lebanon,['Taekwondo'],
2473644,TRUE,RAILEANU Stefan,Male,Referee,J,MDA,Republic of Moldova,Republic of Moldova,['Taekwondo'],
2473645,TRUE,SCHEFFLER Agnieszka,Female,Referee,J,POL,Poland,Poland,['Taekwondo'],
2473646,TRUE,STARKOV Andriy,Male,Referee,J,UKR,Ukraine,Ukraine,['Taekwondo'],
2473647,TRUE,WHITE Nichola,Female,Referee,J,AUS,Australia,Australia,['Taekwondo'],
2473648,TRUE,REZENDE Marcelo,Male,Referee,J,BRA,Brazil,Brazil,['Taekwondo'],
2473649,TRUE,JUMAN Alissa,Female,Referee,J,CAN,Canada,Canada,['Taekwondo'],
2473650,TRUE,BOYD DIAZ Susana,Female,Referee,J,PAN,Panama,Panama,['Taekwondo'],
2473651,TRUE,KIM Denis,Male,Referee,J,WT,World Taekwondo,World Taekwondo,['Taekwondo'],
2473652,TRUE,SADEGHI Hassan,Male,Referee,J,BEL,Belgium,Belgium,['Taekwondo'],
2475179,TRUE,DJLASSI Anouer,Male,Referee,J,TUN,Tunisia,Tunisia,['Taekwondo'],
2475180,TRUE,ORNELAS CABALLERO Araceli,Female,Referee,J,MEX,Mexico,Mexico,['Taekwondo'],
2475181,TRUE,MAROT Jelena,Female,Referee,J,CRO,Croatia,Croatia,['Taekwondo'],
2475197,TRUE,ZHU Linfang,Female,Referee,J,CHN,China,People's Republic of China,['Taekwondo'],
2476088,TRUE,PAINCHAUD Helene,Female,Referee,J,CAN,Canada,Canada,['Water Polo'],
2480085,TRUE,MENHEL Yauheniya,Female,Referee,J,UWW,UWW,United World Wrestling,['Wrestling'],
2480087,TRUE,DAMIENS Serge,Male,Referee,J,UWW,UWW,United World Wrestling,['Wrestling'],
2480088,TRUE,CAUVIN Sophie,Female,Referee,J,UWW,UWW,United World Wrestling,['Wrestling'],
2480089,TRUE,le GLEUT Regine,Female,Referee,J,UWW,UWW,United World Wrestling,['Wrestling'],
2480090,TRUE,VAZEILLES Pierre,Male,Referee,J,UWW,UWW,United World Wrestling,['Wrestling'],
2480091,TRUE,GUYOT Nicolas,Male,Referee,J,UWW,UWW,United World Wrestling,['Wrestling'],
2480092,TRUE,BRELET Esther,Female,Referee,J,UWW,UWW,United World Wrestling,['Wrestling'],
2480093,TRUE,JOAL Cedric,Male,Referee,J,UWW,UWW,United World Wrestling,['Wrestling'],
2480094,TRUE,FAUVEAU Marion,Female,Referee,J,UWW,UWW,United World Wrestling,['Wrestling'],
2480095,TRUE,LAISSAOUI Iliass,Male,Referee,J,UWW,UWW,United World Wrestling,['Wrestling'],
2480096,TRUE,LEBEE Jason,Male,Referee,J,UWW,UWW,United World Wrestling,['Wrestling'],
2480097,TRUE,AKA Akesse Kouadio Vincent,Male,Referee,J,UWW,UWW,United World Wrestling,['Wrestling'],
2480098,TRUE,SOMON Jordan,Male,Referee,J,UWW,UWW,United World Wrestling,['Wrestling'],
2480099,TRUE,FERNANDEZ LOBO da COSTA Joao Vitor,Male,Referee,J,UWW,UWW,United World Wrestling,['Wrestling'],
2480121,TRUE,BEISEMBAYEV Olzhas,Male,Referee,J,UWW,UWW,United World Wrestling,['Wrestling'],
2480151,TRUE,SIMSEK Onur,Male,Referee,J,UWW,UWW,United World Wrestling,['Wrestling'],
2480426,TRUE,ALADARBEH Ayman,Male,Referee,J,JOR,Jordan,Jordan,['Taekwondo'],
2480430,TRUE,ISSA SAMSOU Ibrahim,Male,Referee,J,NIG,Niger,Niger,['Taekwondo'],
2480431,TRUE,FORNARO Erika,Female,Referee,J,ITA,Italy,Italy,['Taekwondo'],
2480432,TRUE,WU Yuting,Female,Referee,J,TPE,Chinese Taipei,Chinese Taipei,['Taekwondo'],
2480534,TRUE,ELSAYED May,Female,Referee,J,EGY,Egypt,Egypt,['Taekwondo'],
2481849,TRUE,CARTER Ingrid Dannette,Female,Judge,J,PBU,PBU,Paris 2024 Boxing Unit,['Boxing'],
2482372,TRUE,METAHNI Dorsaf,Female,Referee,J,TUN,Tunisia,Tunisia,['Wrestling'],
2482375,TRUE,ERSOY Orhun,Male,Referee,J,UWW,UWW,United World Wrestling,['Wrestling'],
2482551,TRUE,SHIRALIYEV Asif,Male,Referee,J,AZE,Azerbaijan,Azerbaijan,['Wrestling'],
2482584,TRUE,KIM Dmitriy,Male,Referee,J,UZB,Uzbekistan,Uzbekistan,['Taekwondo'],
2482611,TRUE,IMANI Amal,Female,Referee,J,MAR,Morocco,Morocco,['Wrestling'],
2483779,TRUE,GUT la RAGIONE Livia,Female,Judge,J,WAQU,World Aquatics,World Aquatics,['Artistic Swimming'],
2483785,TRUE,SIULZHYN Valiantsin,Male,Referee,J,UWW,UWW,United World Wrestling,['Wrestling'],
2483837,TRUE,ABDALLA Marwa,Female,Referee,J,EGY,Egypt,Egypt,['Wrestling'],
2483874,TRUE,SADEGHI Nima,Male,Referee,J,IRI,IR Iran,Islamic Republic of Iran,['Wrestling'],
2483960,TRUE,ISMAEL Hadi,Male,Referee,J,IRQ,Iraq,Iraq,['Wrestling'],
2484641,TRUE,LIGAY Igor,Male,Referee,J,KAZ,Kazakhstan,Kazakhstan,['Wrestling'],
2484901,TRUE,ZHUMABEKOV Yerik,Male,Referee,J,KAZ,Kazakhstan,Kazakhstan,['Wrestling'],
2489078,TRUE,TRIGO Nuno,Male,Technical Official,J,POR,Portugal,Portugal,['Surfing'],
2489144,TRUE,ELLIOTT Glen,Male,Technical Official,J,AUS,Australia,Australia,['Surfing'],
2489171,TRUE,MOORE Kevin,Male,Technical Official,J,PER,Peru,Peru,['Surfing'],
2490710,TRUE,CAMUS Pauline,Female,Referee,J,IJF,IJF,International Judo Federation,['Judo'],
2490711,TRUE,JAMMET Romain,Male,Referee,J,IJF,IJF,International Judo Federation,['Judo'],
2490712,TRUE,ALESSANDRINI FANTIN Vincent,Male,Referee,J,IJF,IJF,International Judo Federation,['Judo'],
2490713,TRUE,DUGLOUD Cedric,Male,Referee,J,IJF,IJF,International Judo Federation,['Judo'],
2490714,TRUE,LALLE Cedric,Male,Referee,J,IJF,IJF,International Judo Federation,['Judo'],
2490715,TRUE,DANVERS Stephanie,Female,Referee,J,IJF,IJF,International Judo Federation,['Judo'],
2490716,TRUE,LOPES Jose,Male,Referee,J,IJF,IJF,International Judo Federation,['Judo'],
2490717,TRUE,CHARPENTIER Julia,Female,Referee,J,IJF,IJF,International Judo Federation,['Judo'],
2490718,TRUE,BERTHAULT Laura,Female,Referee,J,IJF,IJF,International Judo Federation,['Judo'],
2490719,TRUE,GIRARDEY Sebastien,Male,Referee,J,IJF,IJF,International Judo Federation,['Judo'],
2490720,TRUE,ZOUAOUI Akila,Female,Referee,J,IJF,IJF,International Judo Federation,['Judo'],
2490721,TRUE,LAJEUNCOMME David,Male,Referee,J,IJF,IJF,International Judo Federation,['Judo'],
2490722,TRUE,FAUROUX Eric,Female,Referee,J,IJF,IJF,International Judo Federation,['Judo'],
2490723,TRUE,CARON Pascal,Male,Referee,J,IJF,IJF,International Judo Federation,['Judo'],
2490724,TRUE,SABLIER Laurence,Female,Referee,J,IJF,IJF,International Judo Federation,['Judo'],
2490725,TRUE,BRETAUDEAU Jerome,Male,Referee,J,IJF,IJF,International Judo Federation,['Judo'],
2490726,TRUE,DROISSART Jerome,Male,Referee,J,IJF,IJF,International Judo Federation,['Judo'],
2490727,TRUE,LAPLANCHE Emilie,Female,Referee,J,IJF,IJF,International Judo Federation,['Judo'],
2490728,TRUE,PHAM Huu Hanh,Male,Referee,J,IJF,IJF,International Judo Federation,['Judo'],
2490729,TRUE,GORGETTE Julien,Male,Referee,J,IJF,IJF,International Judo Federation,['Judo'],
2490851,TRUE,le GALLO Maxime,Male,Judge,J,FRA,France,France,['Trampoline Gymnastics'],10-03-1971
2490853,TRUE,LAVERGNE Lilian,Male,Judge,J,FRA,France,France,['Trampoline Gymnastics'],20-08-1975
2490854,TRUE,CLOUD Cyril,Male,Judge,J,FRA,France,France,['Trampoline Gymnastics'],22-01-1974
2490855,TRUE,HEBANT Valerie,Female,Judge,J,FRA,France,France,['Trampoline Gymnastics'],13-11-1969
2490856,TRUE,BOURGIT Carole,Female,Judge,J,FRA,France,France,['Trampoline Gymnastics'],09-11-1974
2490861,TRUE,DESPORTE Laurent,Male,Judge,J,FRA,France,France,['Artistic Gymnastics'],06-02-1975
2490864,TRUE,de CARVALHO Sarah,Female,Judge,J,FIG,FIG,International Gymnastics Federation,['Artistic Gymnastics'],
2490876,TRUE,BUYS Mickael,Male,Judge,J,FIG,FIG,International Gymnastics Federation,['Artistic Gymnastics'],
2490881,TRUE,GAGNIERE Thomas,Male,Judge,J,FRA,France,France,['Artistic Gymnastics'],28-01-1986
2490887,TRUE,MEREL Erwan,Male,Judge,J,FIG,FIG,International Gymnastics Federation,['Artistic Gymnastics'],
2490891,TRUE,de COSSIO Isabelle,Female,Judge,J,FRA,France,France,['Rhythmic Gymnastics'],01-12-1964
2490892,TRUE,ANDRIESSE Anne-Sophie,Female,Judge,J,FRA,France,France,['Rhythmic Gymnastics'],23-03-1971
2490893,TRUE,GARBIN Amandine,Female,Judge,J,FRA,France,France,['Rhythmic Gymnastics'],05-02-1977
2490894,TRUE,DROUARD Benedite,Female,Judge,J,FIG,FIG,International Gymnastics Federation,['Rhythmic Gymnastics'],
2490895,TRUE,BAREL Anne Valerie,Female,Judge,J,FIG,FIG,International Gymnastics Federation,['Rhythmic Gymnastics'],
2490896,TRUE,LAUTH Dominique,Female,Judge,J,FRA,France,France,['Rhythmic Gymnastics'],04-12-1951
2490897,TRUE,LICHTLE Agnes,Female,Judge,J,FRA,France,France,['Rhythmic Gymnastics'],08-05-1959
2490898,TRUE,MARTEL Camille,Female,Judge,J,FRA,France,France,['Rhythmic Gymnastics'],01-10-1993
2490899,TRUE,ROBIN Stephanie,Female,Judge,J,FRA,France,France,['Rhythmic Gymnastics'],25-10-1974
2490900,TRUE,ROUSSOT Maud,Female,Judge,J,FRA,France,France,['Rhythmic Gymnastics'],15-10-1979
2490901,TRUE,SALINIER Camille,Female,Judge,J,FRA,France,France,['Rhythmic Gymnastics'],26-05-1988
2490916,TRUE,VERBOOM Jef,Male,Judge,J,UCI,UCI,Union Cycliste Internationale,['Cycling BMX Freestyle'],
2490918,TRUE,ROLHION Olivier,Male,Judge,J,UCI,UCI,Union Cycliste Internationale,['Cycling BMX Freestyle'],
2490919,TRUE,ADRIX Remi,Male,Judge,J,UCI,UCI,Union Cycliste Internationale,['Cycling BMX Freestyle'],
2491197,TRUE,KANTE Dramane,Male,Referee,J,WT,World Taekwondo,World Taekwondo,['Taekwondo'],
2491198,TRUE,EMMANUEL EMILE Harry,Male,Referee,J,WT,World Taekwondo,World Taekwondo,['Taekwondo'],
2491199,TRUE,LEPERT Marie,Female,Referee,J,WT,World Taekwondo,World Taekwondo,['Taekwondo'],
2491200,TRUE,LARABI Rafika,Female,Referee,J,WT,World Taekwondo,World Taekwondo,['Taekwondo'],
2491201,TRUE,AMMI Fatima,Female,Referee,J,WT,World Taekwondo,World Taekwondo,['Taekwondo'],
2491203,TRUE,MORENO Jean Anthony,Male,Referee,J,WT,World Taekwondo,World Taekwondo,['Taekwondo'],
2491204,TRUE,MIYAHOUENOU Joel,Male,Referee,J,WT,World Taekwondo,World Taekwondo,['Taekwondo'],
2491205,TRUE,DUVERNOIS Jacques,Male,Referee,J,WT,World Taekwondo,World Taekwondo,['Taekwondo'],
2491206,TRUE,BAYLOU Maud Francoise,Female,Referee,J,WT,World Taekwondo,World Taekwondo,['Taekwondo'],
2491207,TRUE,SEMBONA Serge,Male,Referee,J,WT,World Taekwondo,World Taekwondo,['Taekwondo'],
2491209,TRUE,THABET Sinaa,Female,Referee,J,WT,World Taekwondo,World Taekwondo,['Taekwondo'],
2491271,TRUE,DOHOLLOU Loisa,Female,Referee,J,FIBA,FIBA,International Basketball Federation,['Basketball'],
2491272,TRUE,ABID Valentin,Male,Referee,J,FIBA,FIBA,International Basketball Federation,['Basketball'],
2491273,TRUE,BAERMANN Laetitia,Female,Referee,J,FIBA,FIBA,International Basketball Federation,['Basketball'],
2491274,TRUE,BAILLY Laurence,Female,Referee,J,FIBA,FIBA,International Basketball Federation,['Basketball'],
2491275,TRUE,BAUMARD Benjamin,Male,Referee,J,FIBA,FIBA,International Basketball Federation,['Basketball'],
2491276,TRUE,BERNHARD Denis,Male,Referee,J,FIBA,FIBA,International Basketball Federation,['Basketball'],
2491277,TRUE,BOOS Christelle,Female,Referee,J,FIBA,FIBA,International Basketball Federation,['Basketball'],
2491278,TRUE,CASAL SOMOZA Emilia,Female,Referee,J,FIBA,FIBA,International Basketball Federation,['Basketball'],
2491279,TRUE,CHERASSE Laurent,Male,Referee,J,FIBA,FIBA,International Basketball Federation,['Basketball'],
2491280,TRUE,DELARUE Gregoire,Male,Referee,J,FIBA,FIBA,International Basketball Federation,['Basketball'],
2491281,TRUE,DENISE Frederic,Male,Referee,J,FIBA,FIBA,International Basketball Federation,['Basketball'],
2491282,TRUE,DESMIS David,Male,Referee,J,FIBA,FIBA,International Basketball Federation,['Basketball'],
2491283,TRUE,DUBOIS Coralie,Female,Referee,J,FIBA,FIBA,International Basketball Federation,['Basketball'],
2491284,TRUE,DUPREY David,Male,Referee,J,FIBA,FIBA,International Basketball Federation,['Basketball'],
2491285,TRUE,DUTOYA Benedicte,Female,Referee,J,FIBA,FIBA,International Basketball Federation,['Basketball'],
2491286,TRUE,ETIENNE Audrey,Female,Referee,J,FIBA,FIBA,International Basketball Federation,['Basketball'],
2491287,TRUE,FRITZ Michele,Female,Referee,J,FIBA,FIBA,International Basketball Federation,['Basketball'],
2491288,TRUE,GAUDIN Sophie,Female,Referee,J,FIBA,FIBA,International Basketball Federation,['Basketball'],
2491289,TRUE,HENRIOT Gwennaelle,Female,Referee,J,FIBA,FIBA,International Basketball Federation,['Basketball'],
2491290,TRUE,HERON Stephane,Male,Referee,J,FIBA,FIBA,International Basketball Federation,['Basketball'],
2491291,TRUE,HUARD Francois,Male,Referee,J,FIBA,FIBA,International Basketball Federation,['Basketball'],
2491292,TRUE,KOPP Audrey,Female,Referee,J,FIBA,FIBA,International Basketball Federation,['Basketball'],
2491293,TRUE,LABORDE Marie Pierre,Female,Referee,J,FIBA,FIBA,International Basketball Federation,['Basketball'],
2491294,TRUE,LAMARQUE Vincent,Male,Referee,J,FIBA,FIBA,International Basketball Federation,['Basketball'],
2491295,TRUE,LAURANCY Cedric,Male,Referee,J,FIBA,FIBA,International Basketball Federation,['Basketball'],
2491296,TRUE,LUSSON Stephane,Male,Referee,J,FIBA,FIBA,International Basketball Federation,['Basketball'],
2491297,TRUE,MARTIN Hugo,Male,Referee,J,FIBA,FIBA,International Basketball Federation,['Basketball'],
2491298,TRUE,MATTON Jean Pierre,Male,Referee,J,FIBA,FIBA,International Basketball Federation,['Basketball'],
2491299,TRUE,MORENTE Jean Marc,Male,Referee,J,FIBA,FIBA,International Basketball Federation,['Basketball'],
2491300,TRUE,POIRIER Emmanuelle,Female,Referee,J,FIBA,FIBA,International Basketball Federation,['Basketball'],
2491301,TRUE,POURTAU Charlotte,Female,Referee,J,FIBA,FIBA,International Basketball Federation,['Basketball'],
2491302,TRUE,ROCHE Fabrice,Male,Referee,J,FIBA,FIBA,International Basketball Federation,['Basketball'],
2491303,TRUE,SARAMITO Isabelle,Female,Referee,J,FIBA,FIBA,International Basketball Federation,['Basketball'],
2491304,TRUE,SAVIO Jose,Male,Referee,J,FIBA,FIBA,International Basketball Federation,['Basketball'],
2491305,TRUE,SOUSSIA Benjamin,Male,Referee,J,FIBA,FIBA,International Basketball Federation,['Basketball'],
2491306,TRUE,TANGUY Laura,Female,Referee,J,FIBA,FIBA,International Basketball Federation,['Basketball'],
2491307,TRUE,USCLADE Virginie,Female,Referee,J,FIBA,FIBA,International Basketball Federation,['Basketball'],
2491308,TRUE,VANCOILLIE Cedric,Male,Referee,J,FIBA,FIBA,International Basketball Federation,['Basketball'],
2491309,TRUE,VERON Thierry,Male,Referee,J,FIBA,FIBA,International Basketball Federation,['Basketball'],
2491310,TRUE,VIOLLEAU Anne Sophie,Female,Referee,J,FIBA,FIBA,International Basketball Federation,['Basketball'],
2491529,TRUE,SHIPLEY David,Male,Technical Official,J,USA,United States,United States of America,['Surfing'],
2492445,TRUE,NEWMAN Zeke,Male,Umpire,J,AUS,Australia,Australia,['Hockey'],
2495111,TRUE,KHIDOYATOV Eshpulat,Male,Referee,J,UZB,Uzbekistan,Uzbekistan,['Wrestling'],
2498247,TRUE,BURNETT Sally,Female,Jury Member,J,GBR,Great Britain,Great Britain,['Sailing'],
2499018,TRUE,DAVANZO Giorgio,Male,Jury Member,J,ITA,Italy,Italy,['Sailing'],
2499102,TRUE,REYNOLDS Alexander,Male,Technical Official,J,USA,United States,United States of America,['Surfing'],
2499115,TRUE,WALLIS Kevin,Male,Technical Official,J,USA,United States,United States of America,['Surfing'],
2500371,TRUE,KLIMA Philippe,Male,Technical Official,J,FRA,France,France,['Surfing'],
2500375,TRUE,LLAMBIAS OTTONE Ixa,Female,Technical Official,J,CHI,Chile,Chile,['Surfing'],
2501428,TRUE,BROQUA Jean,Male,Referee,J,WR,World Rugby,World Rugby,['Rugby Sevens'],
2501429,TRUE,JOLICARD Solene,Female,Referee,J,WR,World Rugby,World Rugby,['Rugby Sevens'],
2501430,TRUE,ARNALDI Marie Christine,Female,Referee,J,WR,World Rugby,World Rugby,['Rugby Sevens'],
2501432,TRUE,BRU Pierre,Male,Referee,J,WR,World Rugby,World Rugby,['Rugby Sevens'],
2501433,TRUE,LOURENCO Tristan,Male,Referee,J,WR,World Rugby,World Rugby,['Rugby Sevens'],
2501434,TRUE,URRUZMENDI Evan,Male,Referee,J,WR,World Rugby,World Rugby,['Rugby Sevens'],
2501435,TRUE,ACHARD Florence,Female,Referee,J,WR,World Rugby,World Rugby,['Rugby Sevens'],
2501436,TRUE,TREHARD Julien,Male,Referee,J,WR,World Rugby,World Rugby,['Rugby Sevens'],
2501437,TRUE,PUECH Lucile,Female,Referee,J,WR,World Rugby,World Rugby,['Rugby Sevens'],
2501438,TRUE,LEBOEUF Melissa,Female,Referee,J,WR,World Rugby,World Rugby,['Rugby Sevens'],
2501439,TRUE,LEBEGUE Martin,Female,Referee,J,WR,World Rugby,World Rugby,['Rugby Sevens'],
2501440,TRUE,FERRE Alexandra,Female,Referee,J,WR,World Rugby,World Rugby,['Rugby Sevens'],
2501441,TRUE,BARROMES Fabien,Male,Referee,J,WR,World Rugby,World Rugby,['Rugby Sevens'],
2501442,TRUE,BYNG Stephen,Male,Referee,J,WR,World Rugby,World Rugby,['Rugby Sevens'],
2501443,TRUE,MONTOCCHIO Agathe,Female,Referee,J,WR,World Rugby,World Rugby,['Rugby Sevens'],
2501444,TRUE,FONDRAT Guillaume,Male,Referee,J,WR,World Rugby,World Rugby,['Rugby Sevens'],
2501445,TRUE,LABORDE Cedric,Male,Referee,J,WR,World Rugby,World Rugby,['Rugby Sevens'],
2501446,TRUE,VIDAL Pauline,Female,Referee,J,WR,World Rugby,World Rugby,['Rugby Sevens'],
2501447,TRUE,HUESCA Sophie,Female,Referee,J,WR,World Rugby,World Rugby,['Rugby Sevens'],
2627678,TRUE,WEI Benjamin,Male,Technical Official,J,USA,United States,United States of America,['Surfing'],
2697110,TRUE,KORTE Kurt,Male,Technical Official,J,USA,United States,United States of America,['Surfing'],
2780660,TRUE,ATAY Zeynel Lutfu,Male,Referee,J,DEN,Denmark,Denmark,['Wrestling'],
2786885,TRUE,LOWENTHAL Dillan,Male,Technical Official,J,IRL,Ireland,Ireland,['Surfing'],
2796245,TRUE,BOUSSARD Michel,Male,Judge,J,WAQU,World Aquatics,World Aquatics,['Diving'],
2796266,TRUE,LEFRANC Florence,Female,Judge,J,WAQU,World Aquatics,World Aquatics,['Artistic Swimming'],
2796268,TRUE,CAOUS Daniel,Male,Judge,J,WAQU,World Aquatics,World Aquatics,['Diving'],
2796280,TRUE,BILLIET Marie Pascale,Female,Judge,J,WAQU,World Aquatics,World Aquatics,['Artistic Swimming'],
2796283,TRUE,SUZANNE Benoit,Male,Judge,J,WAQU,World Aquatics,World Aquatics,['Diving'],
2796285,TRUE,GARCIA RODRIGO Ivan,Male,Judge,J,WAQU,World Aquatics,World Aquatics,['Diving'],
2796294,TRUE,CANO Tanguy,Male,Judge,J,WAQU,World Aquatics,World Aquatics,['Diving'],
2796298,TRUE,de la LLAVE Teddy,Male,Judge,J,WAQU,World Aquatics,World Aquatics,['Diving'],
2796300,TRUE,DOIMO Sandra,Female,Judge,J,WAQU,World Aquatics,World Aquatics,['Artistic Swimming'],
2796302,TRUE,CUPILLARD Dominique,Female,Judge,J,WAQU,World Aquatics,World Aquatics,['Artistic Swimming'],
2796306,TRUE,CLEMENCON Michele,Female,Judge,J,WAQU,World Aquatics,World Aquatics,['Diving'],
2796328,TRUE,PORCU Noel,Male,Judge,J,WAQU,World Aquatics,World Aquatics,['Diving'],
2796330,TRUE,NEUVILLE Sylvie,Female,Judge,J,WAQU,World Aquatics,World Aquatics,['Artistic Swimming'],
2844406,TRUE,MULLER-THYSSEN Maria,Male,Referee,J,ESP,Spain,Spain,['Handball'],
2844513,TRUE,JORUM Lars,Male,Referee,J,NOR,Norway,Norway,['Handball'],
2844649,TRUE,SALAH Morad,Male,Referee,J,SUI,Switzerland,Switzerland,['Handball'],
2844759,TRUE,KURTAGIC Mirza,Male,Referee,J,SWE,Sweden,Sweden,['Handball'],
2871936,TRUE,BADJI Riadh,Male,Judge,J,PBU,PBU,Paris 2024 Boxing Unit,['Boxing'],
2871948,TRUE,KAZAKOV Dilshod,Male,Judge,J,PBU,PBU,Paris 2024 Boxing Unit,['Boxing'],
2871958,TRUE,MENCHAOUI Hichem,Male,Judge,J,PBU,PBU,Paris 2024 Boxing Unit,['Boxing'],
2871969,TRUE,TSERENKHAND Tsogtgerel,Female,Judge,J,PBU,PBU,Paris 2024 Boxing Unit,['Boxing'],
2871999,TRUE,BEKPENBETOV Bakytzhan,Male,Judge,J,PBU,PBU,Paris 2024 Boxing Unit,['Boxing'],
2872012,TRUE,ABALOS Maximo,Male,Referee,J,PHI,Philippines,Philippines,['Boxing'],
2872023,TRUE,SOUILMI Mouhsine,Male,Referee,J,MAR,Morocco,Morocco,['Boxing'],
2872035,TRUE,BORDBAR HAGHIGHI SABET Babak,Male,Referee,J,IRI,IR Iran,Islamic Republic of Iran,['Boxing'],
2872046,TRUE,MOKRETARI Sid Ali,Male,Referee,J,ALG,Algeria,Algeria,['Boxing'],
2872050,TRUE,BYAMBABAYAR Atarbayar,Male,Referee,J,MGL,Mongolia,Mongolia,['Boxing'],
2872377,TRUE,ADEOTI Mosunmola,Female,Judge,J,PBU,PBU,Paris 2024 Boxing Unit,['Boxing'],
2872584,TRUE,ILDEBAYEVA Ainur,Female,Judge,J,PBU,PBU,Paris 2024 Boxing Unit,['Boxing'],
2872818,TRUE,SADEGH POOR Farzad,Male,Referee,J,IRI,IR Iran,Islamic Republic of Iran,['Boxing'],
2873696,TRUE,SRICHAISAWAT Paiboon,Male,Judge,J,PBU,PBU,Paris 2024 Boxing Unit,['Boxing'],
2873804,TRUE,IGUBAYEV Aslan,Male,Judge,J,PBU,PBU,Paris 2024 Boxing Unit,['Boxing'],
2873953,TRUE,AMMOURA Nacera,Female,Judge,J,PBU,PBU,Paris 2024 Boxing Unit,['Boxing'],
2875808,TRUE,NASIROVA Leyla Arif Qizi,Female,Judge,J,PBU,PBU,Paris 2024 Boxing Unit,['Boxing'],
2876696,TRUE,SVYATOCHA Boris,Male,Judge,J,PBU,PBU,Paris 2024 Boxing Unit,['Boxing'],
2973407,TRUE,VALENZUELA GOMEZ Cesar Fernando,Male,Judge,J,FIG,FIG,International Gymnastics Federation,['Artistic Gymnastics'],
2973413,TRUE,PALAMARA Ioulia,Female,Judge,J,FIG,FIG,International Gymnastics Federation,['Artistic Gymnastics'],
2973422,TRUE,HUNT Caroline,Female,Judge,J,USA,United States,United States of America,['Rhythmic Gymnastics'],16-02-1978
3002003,TRUE,BAKE Giovanni,Male,Referee,J,RSA,South Africa,South Africa,['Beach Volleyball'],
3047340,TRUE,PAVICEVIC Ivan,Male,Referee,J,MNE,Montenegro,Montenegro,['Handball'],
3047342,TRUE,BELKHIRI Youcef,Male,Referee,J,ALG,Algeria,Algeria,['Handball'],
3047343,TRUE,HAMIDI Sidali,Male,Referee,J,ALG,Algeria,Algeria,['Handball'],
3047344,TRUE,PAOLANTONI Maria Ines,Female,Referee,J,ARG,Argentina,Argentina,['Handball'],
3047345,TRUE,GARCIA Mariana,Female,Referee,J,ARG,Argentina,Argentina,['Handball'],
3047346,TRUE,KONJICANIN Dino,Male,Referee,J,BIH,Bosnia & Herzegovina,Bosnia and Herzegovina,['Handball'],
3047347,TRUE,KONJICANIN Amar,Male,Referee,J,BIH,Bosnia & Herzegovina,Bosnia and Herzegovina,['Handball'],
3047348,TRUE,HORACEK Vaclav,Male,Referee,J,CZE,Czechia,Czechia,['Handball'],
3047349,TRUE,NOVOTNY Jiri,Male,Referee,J,CZE,Czechia,Czechia,['Handball'],
3047350,TRUE,HANSEN Mads,Male,Referee,J,DEN,Denmark,Denmark,['Handball'],
3047351,TRUE,MADSEN Jesper,Male,Referee,J,DEN,Denmark,Denmark,['Handball'],
3047352,TRUE,MARIN LORENTE Andreu,Male,Referee,J,ESP,Spain,Spain,['Handball'],
3047353,TRUE,GARCIA Ignacio,Male,Referee,J,ESP,Spain,Spain,['Handball'],
3047354,TRUE,BONAVENTURA Julie,Female,Referee,J,FRA,France,France,['Handball'],
3047355,TRUE,BONAVENTURA Charlotte,Female,Referee,J,FRA,France,France,['Handball'],
3047356,TRUE,SCHULZE Robert,Male,Referee,J,GER,Germany,Germany,['Handball'],
3047357,TRUE,TOENNIES Tobias,Male,Referee,J,GER,Germany,Germany,['Handball'],
3047358,TRUE,MERZ Maike,Female,Referee,J,GER,Germany,Germany,['Handball'],
3047359,TRUE,KUTTLER Tanja,Female,Referee,J,GER,Germany,Germany,['Handball'],
3047360,TRUE,BIRO Adam,Male,Referee,J,HUN,Hungary,Hungary,['Handball'],
3047361,TRUE,KISS Oliver,Male,Referee,J,HUN,Hungary,Hungary,['Handball'],
3047362,TRUE,NACHEVSKI Gjorgji,Male,Referee,J,MKD,North Macedonia,North Macedonia,['Handball'],
3047363,TRUE,NIKOLOV Slave,Male,Referee,J,MKD,North Macedonia,North Macedonia,['Handball'],
3047364,TRUE,RAZNATOVIC Milos,Male,Referee,J,MNE,Montenegro,Montenegro,['Handball'],
3047365,TRUE,KLEVEN Havard,Male,Referee,J,NOR,Norway,Norway,['Handball'],
3047366,TRUE,LAH Bojan,Male,Referee,J,SLO,Slovenia,Slovenia,['Handball'],
3047367,TRUE,SOK David,Male,Referee,J,SLO,Slovenia,Slovenia,['Handball'],
3047368,TRUE,BRUNNER Arthur,Male,Referee,J,SUI,Switzerland,Switzerland,['Handball'],
3047369,TRUE,WETTERWIK Mattias,Male,Referee,J,SWE,Sweden,Sweden,['Handball'],
3052943,TRUE,BRUDEY Jean Francois,Male,Line Judge,J,FIVB,FIVB,International Volleyball Federation,['Beach Volleyball'],
3060392,TRUE,BAS Andrej,Male,Referee,J,SLO,Slovenia,Slovenia,['3x3 Basketball'],
3060402,TRUE,TRONTELJ Gorazd,Male,Referee,J,SLO,Slovenia,Slovenia,['3x3 Basketball'],
3060403,TRUE,SHIMOYAMA Waka,Female,Referee,J,JPN,Japan,Japan,['3x3 Basketball'],
3060404,TRUE,YAGI Aki,Female,Referee,J,JPN,Japan,Japan,['3x3 Basketball'],
3060405,TRUE,MATSUMOTO Tsunemi,Female,Referee,J,JPN,Japan,Japan,['3x3 Basketball'],
3060406,TRUE,HEGEDUSNE STION Eva,Female,Referee,J,HUN,Hungary,Hungary,['3x3 Basketball'],
3060407,TRUE,BOZJAK Ziga,Male,Referee,J,SLO,Slovenia,Slovenia,['3x3 Basketball'],
3060408,TRUE,SANKOVIC Andraz,Male,Referee,J,SLO,Slovenia,Slovenia,['3x3 Basketball'],
3060409,TRUE,GOGALA Eva,Female,Referee,J,SLO,Slovenia,Slovenia,['3x3 Basketball'],
3060410,TRUE,FULOP Adam,Male,Referee,J,HUN,Hungary,Hungary,['3x3 Basketball'],
3060411,TRUE,JUG Ana,Female,Referee,J,SLO,Slovenia,Slovenia,['3x3 Basketball'],
3060412,TRUE,KECSKEMETI Elizabeth,Female,Referee,J,HUN,Hungary,Hungary,['3x3 Basketball'],
3062446,TRUE,MANNO Timothy,Male,Technical Official,J,USA,United States,United States of America,['Surfing'],
3518627,TRUE,PICSON Maria Karina,Female,Judge,J,PBU,PBU,Paris 2024 Boxing Unit,['Boxing'],
3521177,TRUE,OOMMEN George,Male,Referee,J,GBR,Great Britain,Great Britain,['Football'],
4193219,TRUE,KOWLOON,Male,Judge F,J,CHN,China,People's Republic of China,['Breaking'],
4652045,TRUE,REY David,Male,Referee,J,FRA,France,France,['Wrestling'],
4654128,TRUE,BARTHE SADRAN Marie,Female,Judge,J,PBU,PBU,Paris 2024 Boxing Unit,['Boxing'],
4654138,TRUE,KUSSMAUL Holger,Male,Referee,J,GER,Germany,Germany,['Boxing'],
4968543,TRUE,CAMPANILE Nicolas,Male,Judge,J,FIG,FIG,International Gymnastics Federation,['Artistic Gymnastics'],
